percentage,metric,value
50,loss,1.0314409622585572
50,accuracy,0.6608070145569082
50,f1_score,0.661933711048953
50,confusion_matrix,"[[6.62782956e-01 6.12516644e-02 6.65778961e-03 0.00000000e+00
  3.02929427e-02 1.86418109e-02 9.65379494e-03 2.10719041e-01]
 [5.39256776e-02 7.15842414e-01 5.58815312e-04 5.58815312e-04
  1.95585359e-03 1.67644593e-02 1.08968986e-02 1.99497066e-01]
 [1.42095915e-02 1.95381883e-02 8.17051510e-01 0.00000000e+00
  1.24333925e-01 8.88099467e-03 1.06571936e-02 5.32859680e-03]
 [1.56678418e-03 8.61731297e-03 3.91696044e-04 9.69839405e-01
  3.91696044e-04 2.74187231e-03 1.64512338e-02 0.00000000e+00]
 [1.35317997e-01 7.30717185e-03 1.31258457e-01 0.00000000e+00
  7.07983762e-01 5.14208390e-03 8.66035183e-03 4.33017591e-03]
 [4.42477876e-03 2.77554304e-02 0.00000000e+00 0.00000000e+00
  0.00000000e+00 5.01206758e-01 4.65808528e-01 8.04505229e-04]
 [1.40397351e-02 2.41059603e-02 0.00000000e+00 0.00000000e+00
  1.05960265e-02 4.47417219e-01 4.91125828e-01 1.27152318e-02]
 [1.58114092e-01 2.15681167e-01 0.00000000e+00 0.00000000e+00
  2.34436051e-03 8.59598854e-03 1.09403490e-02 6.04324043e-01]]"
