percentage,metric,value
80,loss,0.9446180662240303
80,accuracy,0.7166510598450668
80,f1_score,0.7297792209837746
80,confusion_matrix,"[[8.52197071e-01 2.26364847e-02 3.99467377e-03 0.00000000e+00
  8.98801598e-03 1.29826897e-02 1.26498003e-02 8.65512650e-02]
 [4.35875943e-02 8.38502375e-01 1.67644593e-03 1.39703828e-03
  6.98519139e-03 1.00586756e-02 1.34115675e-02 8.43811120e-02]
 [3.55239787e-03 7.10479574e-03 9.59147425e-01 0.00000000e+00
  8.88099467e-03 1.06571936e-02 1.06571936e-02 0.00000000e+00]
 [0.00000000e+00 1.17508813e-03 0.00000000e+00 9.73364669e-01
  3.91696044e-03 1.95848022e-03 1.91931061e-02 3.91696044e-04]
 [1.53179973e-01 1.62381597e-03 3.49120433e-02 2.70635995e-04
  7.95940460e-01 4.87144790e-03 8.66035183e-03 5.41271989e-04]
 [2.41351569e-03 8.04505229e-04 8.04505229e-04 4.82703138e-03
  6.43604183e-03 4.16733709e-01 5.67578439e-01 4.02252615e-04]
 [5.82781457e-03 1.58940397e-03 2.64900662e-04 2.64900662e-04
  1.46754967e-01 3.53642384e-01 4.90066225e-01 1.58940397e-03]
 [1.44829383e-01 2.02396457e-01 0.00000000e+00 0.00000000e+00
  2.86532951e-03 6.25162803e-03 1.22427716e-02 6.31414431e-01]]"
