percentage,metric,value
10,loss,1.1266819367343324
10,accuracy,0.6229675661871116
10,f1_score,0.6287327511771525
10,confusion_matrix,"[[5.72902796e-01 4.12782956e-02 2.33022636e-03 1.33155792e-03
  1.69773635e-02 8.28894807e-02 4.52729694e-02 2.37017310e-01]
 [1.17071808e-01 5.24727578e-01 1.67644593e-03 3.07348421e-03
  1.11763062e-03 5.47639005e-02 5.78373847e-02 2.39731769e-01]
 [7.28241563e-02 1.24333925e-02 6.55417407e-01 0.00000000e+00
  2.20248668e-01 8.88099467e-03 2.13143872e-02 8.88099467e-03]
 [1.95848022e-03 2.74187231e-03 0.00000000e+00 9.68664316e-01
  0.00000000e+00 3.52526439e-03 2.31100666e-02 0.00000000e+00]
 [1.69147497e-01 1.16373478e-02 8.55209743e-02 0.00000000e+00
  6.87686062e-01 4.60081191e-03 1.65087957e-02 2.48985115e-02]
 [1.20675784e-03 2.81576830e-03 0.00000000e+00 2.01126307e-03
  0.00000000e+00 4.53338697e-01 5.39823009e-01 8.04505229e-04]
 [3.17880795e-03 1.05960265e-03 0.00000000e+00 0.00000000e+00
  5.29801325e-04 3.57350993e-01 6.37086093e-01 7.94701987e-04]
 [1.49518104e-01 1.48736650e-01 0.00000000e+00 7.81453504e-04
  7.81453504e-04 1.28679344e-01 1.87548841e-02 5.52748111e-01]]"
