percentage,metric,value
30,loss,1.1247254986648796
30,accuracy,0.6673193155699327
30,f1_score,0.6696666718872144
30,confusion_matrix,"[[6.78761651e-01 5.45938748e-02 2.33022636e-03 6.65778961e-04
  3.39547270e-02 2.19707057e-02 1.99733688e-02 1.87749667e-01]
 [6.31461302e-02 7.18636491e-01 1.11763062e-03 1.39703828e-03
  7.54400671e-03 2.59849120e-02 4.61022632e-02 1.36071528e-01]
 [2.66429840e-02 1.24333925e-02 8.38365897e-01 0.00000000e+00
  9.23623446e-02 1.06571936e-02 1.59857904e-02 3.55239787e-03]
 [1.56678418e-03 1.95848022e-03 7.83392088e-04 9.70622797e-01
  2.74187231e-03 2.35017626e-03 1.99764982e-02 0.00000000e+00]
 [1.07983762e-01 4.33017591e-03 1.06630582e-01 2.70635995e-04
  7.61028417e-01 4.60081191e-03 1.40730717e-02 1.08254398e-03]
 [8.04505229e-04 2.81576830e-03 0.00000000e+00 2.01126307e-03
  2.41351569e-03 4.05470636e-01 5.86484312e-01 0.00000000e+00]
 [6.09271523e-03 2.91390728e-03 0.00000000e+00 0.00000000e+00
  5.29801325e-02 3.87814570e-01 5.48344371e-01 1.85430464e-03]
 [1.60718937e-01 2.03698880e-01 7.81453504e-04 0.00000000e+00
  5.47017452e-03 3.33420162e-02 1.58895546e-02 5.80098984e-01]]"
