percentage,metric,value
70,loss,0.9503015333272385
70,accuracy,0.720226440793394
70,f1_score,0.7268403599084521
70,confusion_matrix,"[[8.75499334e-01 1.96404794e-02 3.66178429e-03 0.00000000e+00
  6.99067909e-03 1.33155792e-02 1.49800266e-02 6.59121172e-02]
 [4.83375244e-02 8.39340598e-01 1.39703828e-03 8.38222967e-04
  7.26459905e-03 1.00586756e-02 1.62056440e-02 7.65576977e-02]
 [0.00000000e+00 8.88099467e-03 9.59147425e-01 0.00000000e+00
  8.88099467e-03 1.06571936e-02 1.24333925e-02 0.00000000e+00]
 [0.00000000e+00 7.83392088e-04 0.00000000e+00 9.72581277e-01
  2.74187231e-03 3.13356835e-03 2.07598903e-02 0.00000000e+00]
 [1.57510149e-01 1.08254398e-03 5.60216509e-02 0.00000000e+00
  7.72936401e-01 4.05953992e-03 7.57780785e-03 8.11907984e-04]
 [1.20675784e-03 1.60901046e-03 8.04505229e-04 6.83829445e-03
  4.02252615e-03 4.04263878e-01 5.81255028e-01 0.00000000e+00]
 [7.94701987e-03 7.94701987e-04 5.29801325e-04 5.29801325e-04
  1.26092715e-01 2.76291391e-01 5.87284768e-01 5.29801325e-04]
 [1.73482678e-01 2.33654598e-01 0.00000000e+00 2.60484501e-04
  5.99114353e-03 5.73065903e-03 1.14613181e-02 5.69419120e-01]]"
