percentage,metric,value
60,loss,1.656415649897199
60,accuracy,0.6937090320933004
60,f1_score,0.6983062400007376
60,confusion_matrix,"[[8.32889481e-01 2.99600533e-02 3.66178429e-03 0.00000000e+00
  5.65912117e-03 1.43142477e-02 1.29826897e-02 1.00532623e-01]
 [4.10729254e-02 8.48002235e-01 5.58815312e-04 1.39703828e-03
  1.11763062e-02 1.11763062e-02 1.39703828e-02 7.26459905e-02]
 [1.77619893e-03 8.88099467e-03 9.59147425e-01 0.00000000e+00
  8.88099467e-03 1.06571936e-02 1.06571936e-02 0.00000000e+00]
 [0.00000000e+00 7.83392088e-04 0.00000000e+00 9.72581277e-01
  2.35017626e-03 4.30865648e-03 1.99764982e-02 0.00000000e+00]
 [1.90798376e-01 3.24763194e-03 9.28281461e-02 0.00000000e+00
  6.99594046e-01 4.33017591e-03 8.11907984e-03 1.08254398e-03]
 [1.60901046e-03 2.01126307e-03 1.60901046e-03 4.82703138e-03
  3.21802092e-03 4.35639582e-01 5.51086082e-01 0.00000000e+00]
 [3.20529801e-02 1.00662252e-02 5.29801325e-04 0.00000000e+00
  7.41721854e-02 3.30066225e-01 5.43046358e-01 1.00662252e-02]
 [1.70356864e-01 2.81323261e-01 2.60484501e-04 0.00000000e+00
  4.68872102e-03 6.25162803e-03 1.09403490e-02 5.26178692e-01]]"
