percentage,metric,value
100,loss,1.0216273078746472
100,accuracy,0.7087341448880565
100,f1_score,0.7196136194347956
100,confusion_matrix,"[[8.53528628e-01 2.46338216e-02 3.66178429e-03 3.32889481e-04
  5.65912117e-03 1.43142477e-02 1.39813582e-02 8.38881491e-02]
 [5.22492316e-02 8.37105337e-01 1.11763062e-03 1.67644593e-03
  5.02933780e-03 1.22939369e-02 1.36909751e-02 7.68371053e-02]
 [5.32859680e-03 5.32859680e-03 9.59147425e-01 0.00000000e+00
  7.10479574e-03 1.06571936e-02 1.24333925e-02 0.00000000e+00]
 [3.91696044e-04 3.91696044e-04 0.00000000e+00 9.73756365e-01
  2.74187231e-03 2.35017626e-03 2.03681943e-02 0.00000000e+00]
 [2.10013532e-01 2.43572395e-03 5.46684709e-02 0.00000000e+00
  7.18809202e-01 4.87144790e-03 8.38971583e-03 8.11907984e-04]
 [3.21802092e-03 8.04505229e-04 4.02252615e-04 2.81576830e-03
  2.41351569e-03 4.24778761e-01 5.65567176e-01 0.00000000e+00]
 [5.29801325e-03 7.94701987e-04 0.00000000e+00 0.00000000e+00
  1.07549669e-01 3.44635762e-01 5.39337748e-01 2.38410596e-03]
 [1.29721282e-01 2.44334462e-01 0.00000000e+00 2.60484501e-04
  3.12581401e-03 7.55405053e-03 1.14613181e-02 6.03542589e-01]]"
