percentage,metric,value
40,loss,0.8507535187672622
40,accuracy,0.7329530944070827
40,f1_score,0.7503023073401609
40,confusion_matrix,"[[8.41211718e-01 3.26231691e-02 2.66311585e-03 0.00000000e+00
  1.66444740e-03 1.36484687e-02 1.63115846e-02 9.18774967e-02]
 [3.49259570e-02 8.66443141e-01 1.11763062e-03 2.79407656e-04
  2.79407656e-04 1.31321598e-02 1.34115675e-02 7.04107293e-02]
 [1.77619893e-03 8.88099467e-03 9.59147425e-01 0.00000000e+00
  5.32859680e-03 1.06571936e-02 1.42095915e-02 0.00000000e+00]
 [0.00000000e+00 3.52526439e-03 0.00000000e+00 9.69839405e-01
  3.91696044e-03 3.13356835e-03 1.95848022e-02 0.00000000e+00]
 [1.94857916e-01 2.70635995e-03 1.89445196e-02 0.00000000e+00
  7.66982409e-01 4.60081191e-03 1.19079838e-02 0.00000000e+00]
 [8.04505229e-04 2.81576830e-03 0.00000000e+00 1.60901046e-03
  3.62027353e-03 4.01448109e-01 5.89702333e-01 0.00000000e+00]
 [4.50331126e-03 3.17880795e-03 0.00000000e+00 0.00000000e+00
  1.00662252e-02 3.61589404e-01 6.20397351e-01 2.64900662e-04]
 [9.87236259e-02 2.54493358e-01 0.00000000e+00 2.60484501e-04
  1.30242251e-03 7.03308153e-03 1.25032561e-02 6.25683772e-01]]"
