percentage,metric,value
100,loss,1.149238745327738
100,accuracy,0.6552736868987826
100,f1_score,0.6499756797093861
100,confusion_matrix,"[[6.91744341e-01 4.22769640e-02 4.99334221e-03 6.65778961e-04
  1.09853529e-02 1.49800266e-02 1.66444740e-02 2.17709720e-01]
 [6.53813915e-02 7.13048338e-01 5.58815312e-04 1.95585359e-03
  3.07348421e-03 1.78820900e-02 1.67644593e-02 1.81335569e-01]
 [1.24333925e-02 1.42095915e-02 8.72113677e-01 0.00000000e+00
  7.10479574e-02 1.06571936e-02 1.59857904e-02 3.55239787e-03]
 [1.95848022e-03 1.56678418e-03 0.00000000e+00 9.69839405e-01
  3.91696044e-04 5.87544066e-03 1.99764982e-02 3.91696044e-04]
 [1.41542625e-01 1.02841678e-02 1.84573748e-01 2.70635995e-04
  6.41407307e-01 4.60081191e-03 1.19079838e-02 5.41271989e-03]
 [8.04505229e-04 2.01126307e-03 0.00000000e+00 2.01126307e-03
  7.24054706e-02 4.09895414e-01 5.12469831e-01 4.02252615e-04]
 [5.82781457e-03 3.44370861e-03 0.00000000e+00 2.64900662e-04
  8.52980132e-02 3.72450331e-01 5.28211921e-01 4.50331126e-03]
 [1.63063298e-01 1.83902058e-01 5.20969002e-04 0.00000000e+00
  2.08387601e-03 7.81453504e-03 1.35451941e-02 6.29070070e-01]]"
