percentage,metric,value
90,loss,1.1068618775808212
90,accuracy,0.715629522431259
90,f1_score,0.7242028670903518
90,confusion_matrix,"[[8.58854860e-01 2.52996005e-02 3.99467377e-03 0.00000000e+00
  6.32490013e-03 1.39813582e-02 1.33155792e-02 7.82290280e-02]
 [4.05141101e-02 8.50796312e-01 1.39703828e-03 1.11763062e-03
  1.00586756e-02 1.11763062e-02 1.25733445e-02 7.23665828e-02]
 [1.77619893e-03 7.10479574e-03 9.59147425e-01 0.00000000e+00
  8.88099467e-03 1.24333925e-02 1.06571936e-02 0.00000000e+00]
 [3.91696044e-04 0.00000000e+00 3.91696044e-04 9.73756365e-01
  2.35017626e-03 2.74187231e-03 2.03681943e-02 0.00000000e+00]
 [1.23680650e-01 2.16508796e-03 5.00676590e-02 0.00000000e+00
  8.10825440e-01 4.87144790e-03 6.76589986e-03 1.62381597e-03]
 [1.20675784e-03 1.20675784e-03 0.00000000e+00 4.42477876e-03
  5.22928399e-03 4.01448109e-01 5.86082060e-01 4.02252615e-04]
 [8.74172185e-03 1.32450331e-03 0.00000000e+00 2.64900662e-04
  1.29271523e-01 3.28211921e-01 5.30860927e-01 1.32450331e-03]
 [1.49778588e-01 2.63089346e-01 2.60484501e-04 0.00000000e+00
  4.68872102e-03 7.03308153e-03 1.14613181e-02 5.63688461e-01]]"
