percentage,metric,value
5,loss,0.9049545604137195
5,accuracy,0.7278454073380437
5,f1_score,0.7513222052227168
5,confusion_matrix,"[[8.24567244e-01 4.02796272e-02 2.33022636e-03 0.00000000e+00
  3.32889481e-04 1.43142477e-02 1.69773635e-02 1.01198402e-01]
 [3.54847723e-02 8.68957809e-01 5.58815312e-04 0.00000000e+00
  2.79407656e-04 1.34115675e-02 1.36909751e-02 6.76166527e-02]
 [1.77619893e-03 1.77619893e-02 9.53818828e-01 0.00000000e+00
  0.00000000e+00 8.88099467e-03 1.77619893e-02 0.00000000e+00]
 [3.91696044e-04 6.65883275e-03 0.00000000e+00 9.69056013e-01
  0.00000000e+00 1.56678418e-03 2.23266745e-02 0.00000000e+00]
 [2.38700947e-01 4.33017591e-03 5.14208390e-03 0.00000000e+00
  7.34235453e-01 4.05953992e-03 1.35317997e-02 0.00000000e+00]
 [8.04505229e-04 8.04505229e-03 0.00000000e+00 0.00000000e+00
  0.00000000e+00 4.31214803e-01 5.59935640e-01 0.00000000e+00]
 [4.76821192e-03 5.16556291e-02 0.00000000e+00 0.00000000e+00
  1.58940397e-03 3.05695364e-01 6.36026490e-01 2.64900662e-04]
 [1.26595468e-01 2.49544152e-01 0.00000000e+00 0.00000000e+00
  0.00000000e+00 7.03308153e-03 1.35451941e-02 6.03282105e-01]]"
