percentage,metric,value
10,loss,0.8918851345024018
10,accuracy,0.7272069464544139
10,f1_score,0.7450845955684589
10,confusion_matrix,"[[8.65845539e-01 2.29693742e-02 2.66311585e-03 0.00000000e+00
  1.99733688e-03 1.26498003e-02 1.79760320e-02 7.58988016e-02]
 [4.80581168e-02 8.46325789e-01 5.58815312e-04 0.00000000e+00
  1.67644593e-03 1.17351215e-02 1.56468287e-02 7.59988824e-02]
 [3.55239787e-03 7.10479574e-03 9.59147425e-01 0.00000000e+00
  5.32859680e-03 8.88099467e-03 1.42095915e-02 1.77619893e-03]
 [0.00000000e+00 2.35017626e-03 0.00000000e+00 9.70231101e-01
  3.13356835e-03 5.09204857e-03 1.91931061e-02 0.00000000e+00]
 [2.39242219e-01 2.97699594e-03 2.05683356e-02 0.00000000e+00
  7.21515562e-01 4.87144790e-03 1.08254398e-02 0.00000000e+00]
 [1.20675784e-03 2.01126307e-03 8.04505229e-04 1.60901046e-03
  2.01126307e-03 4.06677393e-01 5.85679807e-01 0.00000000e+00]
 [8.74172185e-03 1.85430464e-03 0.00000000e+00 0.00000000e+00
  2.80794702e-02 3.49403974e-01 6.11920530e-01 0.00000000e+00]
 [1.19041417e-01 2.20369888e-01 2.60484501e-04 2.60484501e-04
  2.60484501e-03 6.51211253e-03 1.25032561e-02 6.38447512e-01]]"
