percentage,metric,value
80,loss,1.213114899713738
80,accuracy,0.6488039499446667
80,f1_score,0.6545053614005925
80,confusion_matrix,"[[7.37350200e-01 4.22769640e-02 3.66178429e-03 0.00000000e+00
  7.32356858e-03 1.83089214e-02 1.66444740e-02 1.74434088e-01]
 [1.20983515e-01 6.83151718e-01 8.38222967e-04 1.67644593e-03
  3.07348421e-03 1.81614976e-02 1.64850517e-02 1.55630064e-01]
 [1.06571936e-02 1.59857904e-02 8.47246892e-01 0.00000000e+00
  9.59147425e-02 8.88099467e-03 1.59857904e-02 5.32859680e-03]
 [7.83392088e-04 1.95848022e-03 0.00000000e+00 9.70622797e-01
  1.56678418e-03 5.48374461e-03 1.95848022e-02 0.00000000e+00]
 [2.01623816e-01 5.95399188e-03 1.24492558e-01 0.00000000e+00
  6.51420839e-01 4.60081191e-03 1.05548038e-02 1.35317997e-03]
 [1.20675784e-03 3.62027353e-03 0.00000000e+00 8.04505229e-04
  2.41351569e-03 4.52131939e-01 5.39420756e-01 4.02252615e-04]
 [1.16556291e-02 1.05960265e-02 0.00000000e+00 0.00000000e+00
  4.23841060e-02 3.86225166e-01 5.45695364e-01 3.44370861e-03]
 [2.85491013e-01 1.52383433e-01 5.20969002e-04 0.00000000e+00
  2.60484501e-03 1.48476166e-02 1.35451941e-02 5.30606929e-01]]"
