percentage,metric,value
20,loss,1.128342596654046
20,accuracy,0.605643994211288
20,f1_score,0.6066610857609268
20,confusion_matrix,"[[5.00000000e-01 6.69107856e-02 1.33155792e-03 0.00000000e+00
  1.56458056e-02 5.65912117e-02 1.66444740e-02 3.42876165e-01]
 [6.23079072e-02 6.65269628e-01 5.58815312e-04 0.00000000e+00
  2.23526125e-03 5.30874546e-02 4.74993015e-02 1.69041632e-01]
 [7.10479574e-02 1.95381883e-02 7.01598579e-01 0.00000000e+00
  1.72291297e-01 1.42095915e-02 1.77619893e-02 3.55239787e-03]
 [7.83392088e-04 3.91696044e-03 0.00000000e+00 9.67880924e-01
  0.00000000e+00 8.22561692e-03 1.88014101e-02 3.91696044e-04]
 [3.27469553e-01 1.16373478e-02 1.41813261e-01 0.00000000e+00
  4.79837618e-01 6.49526387e-03 1.19079838e-02 2.08389716e-02]
 [1.20675784e-03 8.04505229e-03 0.00000000e+00 0.00000000e+00
  0.00000000e+00 4.66613033e-01 5.23732904e-01 4.02252615e-04]
 [1.85430464e-03 3.17880795e-03 0.00000000e+00 0.00000000e+00
  0.00000000e+00 3.47549669e-01 6.44503311e-01 2.91390728e-03]
 [1.22427716e-01 2.16983589e-01 5.20969002e-04 0.00000000e+00
  7.81453504e-04 9.53373274e-02 1.32847096e-02 5.50664235e-01]]"
