percentage,metric,value
30,loss,0.8618677908322695
30,accuracy,0.7267813058653273
30,f1_score,0.736561804636238
30,confusion_matrix,"[[8.29560586e-01 3.09587217e-02 2.66311585e-03 0.00000000e+00
  0.00000000e+00 1.33155792e-02 1.79760320e-02 1.05525965e-01]
 [3.68818106e-02 8.57222688e-01 8.38222967e-04 0.00000000e+00
  5.58815312e-04 1.34115675e-02 1.36909751e-02 7.73959206e-02]
 [0.00000000e+00 1.06571936e-02 9.60923623e-01 0.00000000e+00
  3.55239787e-03 8.88099467e-03 1.59857904e-02 0.00000000e+00]
 [0.00000000e+00 4.70035253e-03 0.00000000e+00 9.69447709e-01
  1.17508813e-03 2.35017626e-03 2.23266745e-02 0.00000000e+00]
 [2.29499323e-01 3.51826793e-03 5.22327470e-02 0.00000000e+00
  6.97970230e-01 4.60081191e-03 1.21786198e-02 0.00000000e+00]
 [1.20675784e-03 4.02252615e-03 0.00000000e+00 4.02252615e-04
  1.60901046e-03 4.05872888e-01 5.86886565e-01 0.00000000e+00]
 [6.88741722e-03 1.85430464e-03 0.00000000e+00 0.00000000e+00
  7.94701987e-04 3.51523179e-01 6.38675497e-01 2.64900662e-04]
 [9.79421724e-02 2.28965877e-01 2.60484501e-04 0.00000000e+00
  2.60484501e-04 7.03308153e-03 1.43266476e-02 6.51211253e-01]]"
