percentage,metric,value
60,loss,1.023150972138991
60,accuracy,0.6597854771431003
60,f1_score,0.6631451481799973
60,confusion_matrix,"[[6.19507324e-01 5.12649800e-02 9.98668442e-04 0.00000000e+00
  8.32223702e-03 1.83089214e-02 1.76431425e-02 2.83954727e-01]
 [3.32495110e-02 6.87901649e-01 0.00000000e+00 1.11763062e-03
  5.58815312e-04 1.87203129e-02 1.73232747e-02 2.41128807e-01]
 [3.55239787e-02 2.30905861e-02 8.01065719e-01 0.00000000e+00
  1.06571936e-01 8.88099467e-03 1.77619893e-02 7.10479574e-03]
 [1.56678418e-03 3.52526439e-03 0.00000000e+00 9.69839405e-01
  0.00000000e+00 4.30865648e-03 2.03681943e-02 3.91696044e-04]
 [2.35723951e-01 1.02841678e-02 1.03653586e-01 0.00000000e+00
  6.30852503e-01 4.87144790e-03 1.19079838e-02 2.70635995e-03]
 [2.01126307e-03 6.43604183e-03 0.00000000e+00 0.00000000e+00
  1.20675784e-03 4.14320193e-01 5.76025744e-01 0.00000000e+00]
 [2.38410596e-03 1.16556291e-02 0.00000000e+00 5.29801325e-04
  5.56291391e-03 3.86225166e-01 5.86754967e-01 6.88741722e-03]
 [7.16332378e-02 1.96405314e-01 0.00000000e+00 0.00000000e+00
  0.00000000e+00 2.08387601e-02 1.43266476e-02 6.96796041e-01]]"
