percentage,metric,value
90,loss,1.0381728031386244
90,accuracy,0.6796203285945348
90,f1_score,0.6760523683743863
90,confusion_matrix,"[[7.26364847e-01 2.99600533e-02 4.66045273e-03 6.65778961e-04
  1.86418109e-02 1.53129161e-02 1.76431425e-02 1.86750999e-01]
 [8.43811120e-02 7.10254261e-01 1.39703828e-03 1.11763062e-03
  7.82341436e-03 1.31321598e-02 1.67644593e-02 1.65129925e-01]
 [1.59857904e-02 7.10479574e-03 8.56127886e-01 1.77619893e-03
  8.70337478e-02 8.88099467e-03 1.59857904e-02 7.10479574e-03]
 [1.17508813e-03 2.35017626e-03 3.91696044e-04 9.70622797e-01
  3.13356835e-03 3.13356835e-03 1.91931061e-02 0.00000000e+00]
 [1.28281461e-01 4.05953992e-03 1.39648173e-01 2.70635995e-04
  7.09878214e-01 4.33017591e-03 1.13667118e-02 2.16508796e-03]
 [1.60901046e-03 4.42477876e-03 0.00000000e+00 8.04505229e-04
  9.25181014e-03 4.26790024e-01 5.56717619e-01 4.02252615e-04]
 [9.00662252e-03 4.23841060e-03 0.00000000e+00 0.00000000e+00
  4.87417219e-02 3.10993377e-01 6.22781457e-01 4.23841060e-03]
 [2.19327950e-01 1.69575410e-01 5.20969002e-04 0.00000000e+00
  2.86532951e-03 7.55405053e-03 1.45871321e-02 5.85569159e-01]]"
