percentage,metric,value
50,loss,1.0614029715725468
50,accuracy,0.6959649272154592
50,f1_score,0.7058838031444378
50,confusion_matrix,"[[8.59853529e-01 2.29693742e-02 3.32889481e-03 0.00000000e+00
  6.32490013e-03 1.53129161e-02 1.13182423e-02 8.08921438e-02]
 [5.02933780e-02 8.39061190e-01 1.39703828e-03 2.79407656e-04
  7.26459905e-03 1.59262364e-02 1.08968986e-02 7.48812517e-02]
 [3.55239787e-03 1.06571936e-02 9.59147425e-01 0.00000000e+00
  8.88099467e-03 1.06571936e-02 7.10479574e-03 0.00000000e+00]
 [0.00000000e+00 3.91696044e-04 3.91696044e-04 9.71797885e-01
  2.35017626e-03 3.91696044e-03 2.07598903e-02 3.91696044e-04]
 [1.67794317e-01 2.43572395e-03 5.92692828e-02 5.41271989e-04
  7.59133965e-01 5.41271989e-03 4.87144790e-03 5.41271989e-04]
 [1.60901046e-03 1.60901046e-03 4.02252615e-04 1.20675784e-03
  5.63153660e-03 4.29605792e-01 5.59935640e-01 0.00000000e+00]
 [9.27152318e-03 3.70860927e-03 5.29801325e-04 5.29801325e-04
  1.94701987e-01 3.78543046e-01 4.11920530e-01 7.94701987e-04]
 [1.68012503e-01 2.06824694e-01 5.20969002e-04 0.00000000e+00
  5.20969002e-03 7.29356603e-03 8.85647304e-03 6.03282105e-01]]"
