percentage,metric,value
40,loss,0.36914861536674054
40,accuracy,0.9112642504679258
40,f1_score,0.908611692157308
40,confusion_matrix,"[[9.14414414e-01 2.79279279e-02 0.00000000e+00 3.60360360e-03
  4.50450450e-02 9.00900901e-03]
 [1.74242424e-02 9.28787879e-01 7.57575758e-04 1.13636364e-02
  4.09090909e-02 7.57575758e-04]
 [3.42583076e-04 0.00000000e+00 9.43816375e-01 5.41281261e-02
  1.02774923e-03 6.85166153e-04]
 [0.00000000e+00 4.01123145e-04 6.73886883e-02 9.29402327e-01
  2.80786201e-03 0.00000000e+00]
 [8.63309353e-03 1.41726619e-01 0.00000000e+00 1.07913669e-03
  8.48201439e-01 3.59712230e-04]
 [2.56183746e-02 4.85865724e-02 0.00000000e+00 8.83392226e-04
  6.18374558e-03 9.18727915e-01]]"
