percentage,metric,value
5,loss,0.7576267869522808
5,accuracy,0.736089841755998
5,f1_score,0.6875769700898081
5,confusion_matrix,"[[4.21621622e-01 1.02702703e-01 0.00000000e+00 2.70270270e-03
  4.45045045e-01 2.79279279e-02]
 [2.00000000e-01 4.14393939e-01 6.06060606e-03 7.57575758e-03
  3.69696970e-01 2.27272727e-03]
 [2.39808153e-03 2.05549846e-03 9.66084275e-01 2.84343953e-02
  6.85166153e-04 3.42583076e-04]
 [2.40673887e-03 2.00561572e-03 3.24508624e-01 6.69474529e-01
  1.60449258e-03 0.00000000e+00]
 [5.97122302e-02 8.95683453e-02 3.59712230e-04 2.51798561e-03
  8.31654676e-01 1.61870504e-02]
 [5.74204947e-02 2.91519435e-02 8.83392226e-04 8.83392226e-04
  1.73144876e-01 7.38515901e-01]]"
