percentage,metric,value
20,loss,0.2791106631303951
20,accuracy,0.9093925472179684
20,f1_score,0.9051478252259194
20,confusion_matrix,"[[9.38738739e-01 1.53153153e-02 0.00000000e+00 3.60360360e-03
  3.69369369e-02 5.40540541e-03]
 [3.10606061e-02 8.91666667e-01 1.51515152e-03 1.06060606e-02
  6.51515152e-02 0.00000000e+00]
 [6.85166153e-04 1.02774923e-03 9.55806783e-01 4.07673861e-02
  1.37033231e-03 3.42583076e-04]
 [0.00000000e+00 0.00000000e+00 8.58403530e-02 9.09747292e-01
  4.41235459e-03 0.00000000e+00]
 [9.71223022e-03 1.27697842e-01 0.00000000e+00 1.79856115e-03
  8.60431655e-01 3.59712230e-04]
 [5.30035336e-02 3.79858657e-02 0.00000000e+00 0.00000000e+00
  7.95053004e-03 9.01060071e-01]]"
