percentage,metric,value
100,loss,0.55395963747718
100,accuracy,0.8214224944699676
100,f1_score,0.7871559210043565
100,confusion_matrix,"[[5.23423423e-01 9.90990991e-02 0.00000000e+00 4.50450450e-03
  3.28828829e-01 4.41441441e-02]
 [1.26515152e-01 5.84090909e-01 7.57575758e-04 7.57575758e-03
  2.74242424e-01 6.81818182e-03]
 [3.42583076e-04 3.76841384e-03 9.33538883e-01 6.09797876e-02
  1.02774923e-03 3.42583076e-04]
 [4.01123145e-04 3.20898516e-03 1.60048135e-01 8.35539511e-01
  8.02246290e-04 0.00000000e+00]
 [4.42446043e-02 4.35251799e-02 0.00000000e+00 3.59712230e-03
  8.89568345e-01 1.90647482e-02]
 [3.18021201e-02 1.85512367e-02 8.83392226e-04 8.83392226e-04
  4.50530035e-02 9.02826855e-01]]"
