percentage,metric,value
10,loss,0.29181925378174417
10,accuracy,0.9067551471839373
10,f1_score,0.9014552140587239
10,confusion_matrix,"[[9.36036036e-01 1.98198198e-02 0.00000000e+00 2.70270270e-03
  3.15315315e-02 9.90990991e-03]
 [3.63636364e-02 8.95454545e-01 2.27272727e-03 1.13636364e-02
  5.37878788e-02 7.57575758e-04]
 [6.85166153e-04 1.37033231e-03 9.57519699e-01 4.00822199e-02
  0.00000000e+00 3.42583076e-04]
 [0.00000000e+00 0.00000000e+00 9.26594465e-02 9.05736061e-01
  1.60449258e-03 0.00000000e+00]
 [1.61870504e-02 1.30935252e-01 7.19424460e-04 2.15827338e-03
  8.49640288e-01 3.59712230e-04]
 [7.24381625e-02 1.76678445e-02 0.00000000e+00 0.00000000e+00
  7.06713781e-03 9.02826855e-01]]"
