percentage,metric,value
90,loss,0.8342474220645043
90,accuracy,0.8183597073336737
90,f1_score,0.7933533072141512
90,confusion_matrix,"[[6.35135135e-01 1.54954955e-01 0.00000000e+00 3.60360360e-03
  1.76576577e-01 2.97297297e-02]
 [1.47727273e-01 6.96969697e-01 0.00000000e+00 9.09090909e-03
  1.43939394e-01 2.27272727e-03]
 [6.85166153e-04 3.76841384e-03 9.19835560e-01 7.50256937e-02
  3.42583076e-04 3.42583076e-04]
 [8.02246290e-04 4.41235459e-03 1.67669475e-01 8.26313678e-01
  8.02246290e-04 0.00000000e+00]
 [8.52517986e-02 7.58992806e-02 0.00000000e+00 2.87769784e-03
  8.17625899e-01 1.83453237e-02]
 [5.56537102e-02 4.77031802e-02 0.00000000e+00 8.83392226e-04
  3.35689046e-02 8.62190813e-01]]"
