percentage,metric,value
50,loss,1.0282975903842397
50,accuracy,0.9123702569338098
50,f1_score,0.9033654656450553
50,confusion_matrix,"[[9.54054054e-01 9.00900901e-03 0.00000000e+00 2.70270270e-03
  3.06306306e-02 3.60360360e-03]
 [7.34848485e-02 8.53787879e-01 1.51515152e-03 1.28787879e-02
  5.45454545e-02 3.78787879e-03]
 [3.42583076e-04 0.00000000e+00 9.60602946e-01 3.63138061e-02
  2.05549846e-03 6.85166153e-04]
 [0.00000000e+00 0.00000000e+00 6.97954272e-02 9.28198957e-01
  2.00561572e-03 0.00000000e+00]
 [2.91366906e-02 1.02517986e-01 3.59712230e-04 1.43884892e-03
  8.64028777e-01 2.51798561e-03]
 [5.56537102e-02 3.71024735e-02 8.83392226e-04 0.00000000e+00
  7.06713781e-03 8.99293286e-01]]"
