percentage,metric,value
40,loss,0.616132855703124
40,accuracy,0.7871362940275651
40,f1_score,0.7487139606656482
40,confusion_matrix,"[[4.51351351e-01 1.58558559e-01 2.70270270e-03 7.20720721e-03
  3.50450450e-01 2.97297297e-02]
 [1.31818182e-01 5.70454545e-01 4.54545455e-03 1.28787879e-02
  2.77272727e-01 3.03030303e-03]
 [1.02774923e-03 3.08324769e-03 9.60260363e-01 3.49434738e-02
  3.42583076e-04 3.42583076e-04]
 [1.20336943e-03 3.20898516e-03 2.59526675e-01 7.35258724e-01
  8.02246290e-04 0.00000000e+00]
 [4.13669065e-02 7.23021583e-02 0.00000000e+00 3.23741007e-03
  8.59352518e-01 2.37410072e-02]
 [4.85865724e-02 2.20848057e-02 8.83392226e-04 8.83392226e-04
  6.80212014e-02 8.59540636e-01]]"
