percentage,metric,value
30,loss,0.6318594727266478
30,accuracy,0.7846690488344393
30,f1_score,0.7513130162416894
30,confusion_matrix,"[[5.07207207e-01 1.30630631e-01 0.00000000e+00 2.70270270e-03
  3.16216216e-01 4.32432432e-02]
 [1.26515152e-01 6.01515152e-01 3.03030303e-03 1.06060606e-02
  2.50757576e-01 7.57575758e-03]
 [6.85166153e-04 3.76841384e-03 9.60260363e-01 3.49434738e-02
  0.00000000e+00 3.42583076e-04]
 [1.20336943e-03 2.40673887e-03 2.50701966e-01 7.44885680e-01
  8.02246290e-04 0.00000000e+00]
 [6.33093525e-02 9.31654676e-02 0.00000000e+00 2.87769784e-03
  7.98561151e-01 4.20863309e-02]
 [4.32862191e-02 1.85512367e-02 0.00000000e+00 1.76678445e-03
  6.53710247e-02 8.71024735e-01]]"
