percentage,metric,value
80,loss,0.6293352850089577
80,accuracy,0.8244852816062617
80,f1_score,0.7965390929771953
80,confusion_matrix,"[[6.13513514e-01 1.18918919e-01 0.00000000e+00 3.60360360e-03
  2.40540541e-01 2.34234234e-02]
 [1.28030303e-01 6.68181818e-01 0.00000000e+00 1.06060606e-02
  1.90151515e-01 3.03030303e-03]
 [3.42583076e-04 4.11099692e-03 9.30798219e-01 6.37204522e-02
  6.85166153e-04 3.42583076e-04]
 [4.01123145e-04 2.80786201e-03 1.51223426e-01 8.43160850e-01
  2.40673887e-03 0.00000000e+00]
 [6.54676259e-02 6.25899281e-02 0.00000000e+00 2.51798561e-03
  8.40287770e-01 2.91366906e-02]
 [5.30035336e-02 4.68197880e-02 8.83392226e-04 8.83392226e-04
  3.88692580e-02 8.59540636e-01]]"
