percentage,metric,value
20,loss,0.6248924773182009
20,accuracy,0.7758209971073677
20,f1_score,0.7387546325020965
20,confusion_matrix,"[[5.33333333e-01 1.43243243e-01 0.00000000e+00 2.70270270e-03
  2.96396396e-01 2.43243243e-02]
 [1.51515152e-01 5.45454545e-01 1.51515152e-03 9.09090909e-03
  2.88636364e-01 3.78787879e-03]
 [1.02774923e-03 4.45357999e-03 9.34566632e-01 5.89242891e-02
  6.85166153e-04 3.42583076e-04]
 [1.20336943e-03 4.01123145e-03 2.08182912e-01 7.86201364e-01
  4.01123145e-04 0.00000000e+00]
 [1.09352518e-01 5.17985612e-02 0.00000000e+00 3.23741007e-03
  8.11510791e-01 2.41007194e-02]
 [8.83392226e-02 1.50176678e-02 0.00000000e+00 1.76678445e-03
  1.32508834e-01 7.62367491e-01]]"
