percentage,metric,value
5,loss,0.31390264117575245
5,accuracy,0.9032669729453803
5,f1_score,0.8954619339895086
5,confusion_matrix,"[[9.35135135e-01 1.62162162e-02 0.00000000e+00 2.70270270e-03
  3.24324324e-02 1.35135135e-02]
 [3.56060606e-02 9.14393939e-01 7.57575758e-04 8.33333333e-03
  4.01515152e-02 7.57575758e-04]
 [1.02774923e-03 3.42583076e-03 9.60602946e-01 3.39157246e-02
  6.85166153e-04 3.42583076e-04]
 [8.02246290e-04 2.00561572e-03 7.62133975e-02 9.20978740e-01
  0.00000000e+00 0.00000000e+00]
 [2.44604317e-02 1.55395683e-01 0.00000000e+00 1.79856115e-03
  8.14748201e-01 3.59712230e-03]
 [9.27561837e-02 1.23674912e-02 0.00000000e+00 0.00000000e+00
  5.30035336e-03 8.89575972e-01]]"
