percentage,metric,value
100,loss,0.3444404906510423
100,accuracy,0.9207078441381658
100,f1_score,0.9169668628192597
100,confusion_matrix,"[[9.38738739e-01 1.26126126e-02 0.00000000e+00 2.70270270e-03
  3.06306306e-02 1.53153153e-02]
 [1.81818182e-02 9.17424242e-01 1.51515152e-03 7.57575758e-03
  5.15151515e-02 3.78787879e-03]
 [0.00000000e+00 0.00000000e+00 9.54436451e-01 4.24803015e-02
  2.39808153e-03 6.85166153e-04]
 [4.01123145e-04 0.00000000e+00 6.29763337e-02 9.33413558e-01
  3.20898516e-03 0.00000000e+00]
 [1.65467626e-02 1.12589928e-01 3.59712230e-04 1.07913669e-03
  8.66906475e-01 2.51798561e-03]
 [1.94346290e-02 4.85865724e-02 8.83392226e-04 8.83392226e-04
  6.18374558e-03 9.24028269e-01]]"
