percentage,metric,value
50,loss,0.6813681714511839
50,accuracy,0.8067041007316658
50,f1_score,0.771357186516724
50,confusion_matrix,"[[5.72972973e-01 8.73873874e-02 0.00000000e+00 3.60360360e-03
  2.87387387e-01 4.86486486e-02]
 [1.65151515e-01 5.45454545e-01 7.57575758e-04 8.33333333e-03
  2.77272727e-01 3.03030303e-03]
 [3.42583076e-04 5.13874615e-03 9.53408702e-01 4.04248030e-02
  3.42583076e-04 3.42583076e-04]
 [1.20336943e-03 2.40673887e-03 1.90934617e-01 8.02647413e-01
  2.80786201e-03 0.00000000e+00]
 [7.19424460e-02 3.56115108e-02 0.00000000e+00 2.87769784e-03
  8.44244604e-01 4.53237410e-02]
 [4.24028269e-02 1.85512367e-02 8.83392226e-04 2.65017668e-03
  5.65371025e-02 8.78975265e-01]]"
