percentage,metric,value
60,loss,0.634926226092111
60,accuracy,0.7894333843797856
60,f1_score,0.757285677687935
60,confusion_matrix,"[[6.25225225e-01 7.29729730e-02 2.70270270e-03 3.60360360e-03
  2.62162162e-01 3.33333333e-02]
 [1.78787879e-01 5.59848485e-01 7.57575758e-04 7.57575758e-03
  2.50757576e-01 2.27272727e-03]
 [1.37033231e-03 3.76841384e-03 9.59917780e-01 3.42583076e-02
  3.42583076e-04 3.42583076e-04]
 [2.00561572e-03 2.40673887e-03 2.55916566e-01 7.37665463e-01
  2.00561572e-03 0.00000000e+00]
 [6.58273381e-02 6.61870504e-02 0.00000000e+00 2.15827338e-03
  8.39208633e-01 2.66187050e-02]
 [7.50883392e-02 3.53356890e-02 8.83392226e-04 8.83392226e-04
  1.17491166e-01 7.70318021e-01]]"
