percentage,metric,value
80,loss,0.4321303223356611
80,accuracy,0.9173047473200613
80,f1_score,0.9115798934127373
80,confusion_matrix,"[[9.23423423e-01 2.70270270e-02 0.00000000e+00 2.70270270e-03
  3.69369369e-02 9.90990991e-03]
 [1.06060606e-02 9.19696970e-01 7.57575758e-04 9.84848485e-03
  5.53030303e-02 3.78787879e-03]
 [0.00000000e+00 6.85166153e-04 9.61630695e-01 3.52860569e-02
  1.71291538e-03 6.85166153e-04]
 [0.00000000e+00 0.00000000e+00 6.53830726e-02 9.28600080e-01
  6.01684717e-03 0.00000000e+00]
 [1.25899281e-02 1.13309353e-01 7.19424460e-04 7.19424460e-04
  8.67985612e-01 4.67625899e-03]
 [2.73851590e-02 7.50883392e-02 8.83392226e-04 0.00000000e+00
  6.18374558e-03 8.90459364e-01]]"
