Dataset,Pretext Dataset,Phase,Loss,Accuracy,F1 Score,Weighted F1 Score,Best Epoch
KuHar_raw,KuHar_raw_k_28_lr_0.0005_bs_64.pkl,train,0.23228831773405123,0.9248108990888775,0.9297048516859299,0.9248756924634022,8
KuHar_raw,KuHar_raw_k_28_lr_0.0005_bs_64.pkl,val,0.5136905852429705,0.8592676420661224,0.8587405230067613,0.8586659204302476,8
KuHar_raw,KuHar_raw_k_28_lr_0.0005_bs_64.pkl,test,0.5193650468951352,0.8533281356592924,0.7870516976565439,0.8547018611410183,8
