Dataset,Pretext Dataset,Phase,Loss,Accuracy,F1 Score,Weighted F1 Score,Best Epoch
UCI_raw_g,KuHar_MotionSense_k_28_lr_0.0005_bs_64.pkl,train,0.025821393190580008,0.9909112426035503,0.9912425008340824,0.99091136403605,140
UCI_raw_g,KuHar_MotionSense_k_28_lr_0.0005_bs_64.pkl,val,0.5218839864058498,0.8894592744695414,0.886888012610298,0.8885543058490584,140
UCI_raw_g,KuHar_MotionSense_k_28_lr_0.0005_bs_64.pkl,test,0.5071967991824086,0.8922297297297297,0.8911131839107399,0.8915578868834236,140
