Dataset,Pretext Dataset,Phase,Loss,Accuracy,F1 Score,Weighted F1 Score,Best Epoch
KuHar_raw,KuHar_MotionSense_k_28_lr_0.0005_bs_64.pkl,train,0.23960386394675662,0.9227802131682998,0.9275491761599045,0.9228480497391153,11
KuHar_raw,KuHar_MotionSense_k_28_lr_0.0005_bs_64.pkl,val,0.5309844172315988,0.8541750868967747,0.859394048102839,0.8537915558288205,11
KuHar_raw,KuHar_MotionSense_k_28_lr_0.0005_bs_64.pkl,test,0.53455559385049,0.8420231946204074,0.7888195668901479,0.8425905853009285,11
