Dataset,Pretext Dataset,Phase,Loss,Accuracy,F1 Score,Weighted F1 Score,Best Epoch
UCI_raw_12,KuHar_UCI_RealWorld_k_28_lr_0.0005_bs_64.pkl,train,0.05418166816694541,0.9791322493696201,0.9489206280305403,0.9789768771985304,109
UCI_raw_12,KuHar_UCI_RealWorld_k_28_lr_0.0005_bs_64.pkl,val,0.5711820414301517,0.8977415307402761,0.7778305188076153,0.8952764804480842,109
UCI_raw_12,KuHar_UCI_RealWorld_k_28_lr_0.0005_bs_64.pkl,test,0.8873496281489726,0.8555109601728929,0.7082396864240912,0.8534470738535019,109
