Dataset,Pretext Dataset,Phase,Loss,Accuracy,F1 Score,Weighted F1 Score,Best Epoch
MotionSense_raw,KuHar_UCI_RealWorld_k_28_lr_0.0005_bs_64.pkl,train,0.2274929651228774,0.9235525856480327,0.9116726425693521,0.9232200909786686,3
MotionSense_raw,KuHar_UCI_RealWorld_k_28_lr_0.0005_bs_64.pkl,val,0.5623810532913414,0.7952688172043011,0.7669227254642242,0.7996227391017058,3
MotionSense_raw,KuHar_UCI_RealWorld_k_28_lr_0.0005_bs_64.pkl,test,0.4219761719346878,0.863876127275821,0.8492280557789327,0.8633532207297349,3
