Dataset,Pretext Dataset,Phase,Loss,Accuracy,F1 Score,Weighted F1 Score,Best Epoch
UCI_raw_12,KuHar_RealWorld_k_28_lr_0.0005_bs_64.pkl,train,0.08761588206976126,0.9677854099643509,0.9207221303581572,0.9674412740998113,62
UCI_raw_12,KuHar_RealWorld_k_28_lr_0.0005_bs_64.pkl,val,0.6887859864770394,0.863237139272271,0.740666932170093,0.8599782398736454,62
UCI_raw_12,KuHar_RealWorld_k_28_lr_0.0005_bs_64.pkl,test,0.6978830048223821,0.8545847483791293,0.7000245567387772,0.8532185422729637,62
