Dataset,Pretext Dataset,Phase,Loss,Accuracy,F1 Score,Weighted F1 Score,Best Epoch
KuHar_raw,KuHar_RealWorld_k_28_lr_0.0005_bs_64.pkl,train,0.16331338528937567,0.9435813133917827,0.9486031885996993,0.9436369873074815,43
KuHar_raw,KuHar_RealWorld_k_28_lr_0.0005_bs_64.pkl,val,0.6545969313440437,0.8582976315576752,0.8555617995282895,0.8575797919387285,43
KuHar_raw,KuHar_RealWorld_k_28_lr_0.0005_bs_64.pkl,test,0.6177481954443316,0.8437774096091999,0.7800842190348549,0.8444263004130026,43
