Dataset,Pretext Dataset,Phase,Loss,Accuracy,F1 Score,Weighted F1 Score,Best Epoch
MotionSense_raw,KuHar_RealWorld_k_28_lr_0.0005_bs_64.pkl,train,0.2788209447104313,0.9043285293970977,0.8897388261705,0.9037289627392051,2
MotionSense_raw,KuHar_RealWorld_k_28_lr_0.0005_bs_64.pkl,val,0.5227639244448754,0.8043010752688172,0.7731782864412077,0.8053857718563057,2
MotionSense_raw,KuHar_RealWorld_k_28_lr_0.0005_bs_64.pkl,test,0.4421322692863254,0.8474561851284669,0.8184286489233585,0.8433921718216141,2
