Dataset,Pretext Dataset,Phase,Loss,Accuracy,F1 Score,Weighted F1 Score,Best Epoch
MotionSense_raw,KuHar_MotionSense_RealWorld_k_28_lr_0.0005_bs_64.pkl,train,0.03126973801213108,0.9891038747319603,0.9871481794045657,0.989098336515346,39
MotionSense_raw,KuHar_MotionSense_RealWorld_k_28_lr_0.0005_bs_64.pkl,val,1.009160299775421,0.7737634408602151,0.7435972155331411,0.7793387588711763,39
MotionSense_raw,KuHar_MotionSense_RealWorld_k_28_lr_0.0005_bs_64.pkl,test,0.4837721318902816,0.9087119278543474,0.8996261595090694,0.9096408501665928,39
MotionSense_raw,KuHar_MotionSense_RealWorld_k_28_lr_0.0005_bs_64.pkl,train,0.03126973801213108,0.9891038747319603,0.9871481794045657,0.989098336515346,39
MotionSense_raw,KuHar_MotionSense_RealWorld_k_28_lr_0.0005_bs_64.pkl,val,1.009160299775421,0.7737634408602151,0.7435972155331411,0.7793387588711763,39
MotionSense_raw,KuHar_MotionSense_RealWorld_k_28_lr_0.0005_bs_64.pkl,test,0.4837721318902816,0.9087119278543474,0.8996261595090694,0.9096408501665928,39
