Dataset,Pretext Dataset,Phase,Loss,Accuracy,F1 Score,Weighted F1 Score,Best Epoch
UCI_raw_g,KuHar_MotionSense_RealWorld_k_28_lr_0.0005_bs_64.pkl,train,0.034714628783203444,0.9865562130177514,0.9863789813288459,0.9865550244691115,106
UCI_raw_g,KuHar_MotionSense_RealWorld_k_28_lr_0.0005_bs_64.pkl,val,0.5341183557484266,0.8730321697467488,0.869315691049135,0.8721288114496973,106
UCI_raw_g,KuHar_MotionSense_RealWorld_k_28_lr_0.0005_bs_64.pkl,test,0.6085929496868236,0.8766891891891891,0.8752515942626603,0.8765389594104934,106
