Dataset,Pretext Dataset,Phase,Loss,Accuracy,F1 Score,Weighted F1 Score,Best Epoch
RealWorld_raw,KuHar_RealWorld_k_28_lr_0.0005_bs_64.pkl,train,0.21621283817199105,0.929155162893429,0.9330454270649648,0.9296268368656659,3
RealWorld_raw,KuHar_RealWorld_k_28_lr_0.0005_bs_64.pkl,val,0.8787623173568803,0.765437324726176,0.7842194708060573,0.7680121458383639,3
RealWorld_raw,KuHar_RealWorld_k_28_lr_0.0005_bs_64.pkl,test,0.8759153142826419,0.7256746403337022,0.739375091277258,0.7246129568329825,3
