Dataset,Pretext Dataset,Phase,Loss,Accuracy,F1 Score,Weighted F1 Score,Best Epoch
RealWorld_raw,KuHar_raw_k_28_lr_0.0005_bs_64.pkl,train,0.16392315405696087,0.9453340695748206,0.9487495051016723,0.945841629320218,136
RealWorld_raw,KuHar_raw_k_28_lr_0.0005_bs_64.pkl,val,1.5536678924899137,0.717392454627229,0.7110722216919168,0.7058986259921975,136
RealWorld_raw,KuHar_raw_k_28_lr_0.0005_bs_64.pkl,test,1.6858408337539357,0.6957946709798246,0.7052479413045569,0.6939234945003908,136
