Dataset,Pretext Dataset,Phase,Loss,Accuracy,F1 Score,Weighted F1 Score,Best Epoch
KuHar_raw,KuHar_MotionSense_RealWorld_k_28_lr_0.0005_bs_64.pkl,train,0.14963898163763378,0.9480294825511432,0.9525294959162343,0.948065848192225,49
KuHar_raw,KuHar_MotionSense_RealWorld_k_28_lr_0.0005_bs_64.pkl,val,0.6776774296349286,0.8471425107105327,0.8489911166174127,0.8469461214983144,49
KuHar_raw,KuHar_MotionSense_RealWorld_k_28_lr_0.0005_bs_64.pkl,test,0.6029316609438092,0.8483578598577137,0.7869937170378488,0.8485244766394233,49
KuHar_raw,KuHar_MotionSense_RealWorld_k_28_lr_0.0005_bs_64.pkl,train,0.14963898163763378,0.9480294825511432,0.9525294959162343,0.948065848192225,49
KuHar_raw,KuHar_MotionSense_RealWorld_k_28_lr_0.0005_bs_64.pkl,val,0.6776774296349286,0.8471425107105327,0.8489911166174127,0.8469461214983144,49
KuHar_raw,KuHar_MotionSense_RealWorld_k_28_lr_0.0005_bs_64.pkl,test,0.6029316609438092,0.8483578598577137,0.7869937170378488,0.8485244766394233,49
