Dataset,Pretext Dataset,Phase,Loss,Accuracy,F1 Score,Weighted F1 Score,Best Epoch
KuHar_raw,KuHar_UCI_RealWorld_k_28_lr_0.0005_bs_64.pkl,train,0.1589173568172186,0.9453219013237064,0.950268482200149,0.9453722074119761,41
KuHar_raw,KuHar_UCI_RealWorld_k_28_lr_0.0005_bs_64.pkl,val,0.5714073468383036,0.8599951499474577,0.8630748817944848,0.8602807985452948,41
KuHar_raw,KuHar_UCI_RealWorld_k_28_lr_0.0005_bs_64.pkl,test,0.6002164746908406,0.8449468862683949,0.7800450025336998,0.8466881077398716,41
