Dataset,Pretext Dataset,Phase,Loss,Accuracy,F1 Score,Weighted F1 Score,Best Epoch
UCI_raw_12,KuHar_MotionSense_k_28_lr_0.0005_bs_64.pkl,train,0.14775887568321822,0.9467002869315712,0.8753555408932292,0.9458280764164543,38
UCI_raw_12,KuHar_MotionSense_k_28_lr_0.0005_bs_64.pkl,val,0.5133027366293569,0.8594730238393977,0.746589975782986,0.8561824498968746,38
UCI_raw_12,KuHar_MotionSense_k_28_lr_0.0005_bs_64.pkl,test,0.8316871555416847,0.7692188947205928,0.6219104865503282,0.7674989134807538,38
