Dataset,Pretext Dataset,Phase,Loss,Accuracy,F1 Score,Weighted F1 Score,Best Epoch
UCI_raw_12,KuHar_MotionSense_RealWorld_k_28_lr_0.0005_bs_64.pkl,train,0.1317588908925138,0.9549169637422833,0.8827405513778849,0.9541083842988575,32
UCI_raw_12,KuHar_MotionSense_RealWorld_k_28_lr_0.0005_bs_64.pkl,val,0.5128722473548976,0.8679422835633626,0.7458006452854558,0.8635234227941466,32
UCI_raw_12,KuHar_MotionSense_RealWorld_k_28_lr_0.0005_bs_64.pkl,test,0.7443578039267505,0.8257178141401668,0.6734517740995635,0.8221558247105886,32
