Dataset,Pretext Dataset,Phase,Loss,Accuracy,F1 Score,Weighted F1 Score,Best Epoch
RealWorld_raw,KuHar_UCI_RealWorld_k_28_lr_0.0005_bs_64.pkl,train,0.15152029888166504,0.9478078409718388,0.9505660915046394,0.9480761852566623,16
RealWorld_raw,KuHar_UCI_RealWorld_k_28_lr_0.0005_bs_64.pkl,val,0.7981493994845035,0.7887189798402032,0.8039257661371269,0.7896452955510048,16
RealWorld_raw,KuHar_UCI_RealWorld_k_28_lr_0.0005_bs_64.pkl,test,1.2382187696699536,0.6906018557929684,0.6825024638509007,0.689962388275912,16
