Dataset,Pretext Dataset,Phase,Loss,Accuracy,F1 Score,Weighted F1 Score,Best Epoch
UCI_raw,KuHar_raw_k_28_lr_0.0005_bs_64.pkl,train,0.23298506026070653,0.9189200939048778,0.8210010721739404,0.9175256042566763,26
UCI_raw,KuHar_raw_k_28_lr_0.0005_bs_64.pkl,val,0.4953222437814308,0.8431618569636136,0.7140126718828425,0.8403338581558997,26
UCI_raw,KuHar_raw_k_28_lr_0.0005_bs_64.pkl,test,0.5680934743091405,0.8112071627045384,0.6589212195322477,0.8074013658259892,26
