Dataset,Pretext Dataset,Phase,Loss,Accuracy,F1 Score,Weighted F1 Score,Best Epoch
UCI_raw_g,KuHar_UCI_RealWorld_k_28_lr_0.0005_bs_64.pkl,train,0.05338188363743957,0.9799763313609468,0.9796432436363909,0.97997679119811,77
UCI_raw_g,KuHar_UCI_RealWorld_k_28_lr_0.0005_bs_64.pkl,val,0.7233419581115613,0.839151266255989,0.8357028466775077,0.8391520943498362,77
UCI_raw_g,KuHar_UCI_RealWorld_k_28_lr_0.0005_bs_64.pkl,test,0.5144693258646372,0.872804054054054,0.8713673616796914,0.8723724370983211,77
