Dataset,Pretext Dataset,Phase,Loss,Accuracy,F1 Score,Weighted F1 Score,Best Epoch
RealWorld_raw,KuHar_MotionSense_RealWorld_k_28_lr_0.0005_bs_64.pkl,train,0.22741073989295485,0.9257095527332965,0.9297163303505491,0.9261520249826584,3
RealWorld_raw,KuHar_MotionSense_RealWorld_k_28_lr_0.0005_bs_64.pkl,val,0.7241817453351909,0.7919466638446478,0.8075910607500034,0.7935086911813223,3
RealWorld_raw,KuHar_MotionSense_RealWorld_k_28_lr_0.0005_bs_64.pkl,test,0.9657595342319614,0.7127351664254703,0.7007535152326814,0.7157421678445214,3
RealWorld_raw,KuHar_MotionSense_RealWorld_k_28_lr_0.0005_bs_64.pkl,train,0.22741073989295485,0.9257095527332965,0.9297163303505491,0.9261520249826584,3
RealWorld_raw,KuHar_MotionSense_RealWorld_k_28_lr_0.0005_bs_64.pkl,val,0.7241817453351909,0.7919466638446478,0.8075910607500034,0.7935086911813223,3
RealWorld_raw,KuHar_MotionSense_RealWorld_k_28_lr_0.0005_bs_64.pkl,test,0.9657595342319614,0.7127351664254703,0.7007535152326814,0.7157421678445214,3
