Dataset,Pretext Dataset,Phase,Loss,Accuracy,F1 Score,Weighted F1 Score,Best Epoch
RealWorld_raw,KuHar_MotionSense_k_28_lr_0.0005_bs_64.pkl,train,0.5838480140786353,0.8122584207620099,0.7166005047354354,0.8129299792363416,0
RealWorld_raw,KuHar_MotionSense_k_28_lr_0.0005_bs_64.pkl,val,0.8555024680233335,0.7271813323456268,0.7285323864738537,0.7137817929401785,0
RealWorld_raw,KuHar_MotionSense_k_28_lr_0.0005_bs_64.pkl,test,0.9064581929150668,0.700349025283051,0.7130215555813243,0.6980767504135227,0
