Dataset,Pretext Dataset,Phase,Loss,Accuracy,F1 Score,Weighted F1 Score,Best Epoch
RealWorld_raw,MotionSense_raw_k_28_lr_0.0005_bs_64.pkl,train,0.3280413925884706,0.8854003313086692,0.89193675166541,0.88652698743734,15
RealWorld_raw,MotionSense_raw_k_28_lr_0.0005_bs_64.pkl,val,0.9723264838154702,0.7212021800095243,0.7347460541761023,0.7166906771545076,15
RealWorld_raw,MotionSense_raw_k_28_lr_0.0005_bs_64.pkl,test,1.0125308100331813,0.700604409636503,0.7264001907907238,0.6992316315088776,15
