Dataset,Pretext Dataset,Phase,Loss,Accuracy,F1 Score,Weighted F1 Score,Best Epoch
KuHar_raw,MotionSense_RealWorld_k_28_lr_0.0005_bs_64.pkl,train,0.26102738812737436,0.906760357572632,0.9145769475901299,0.9069305564628387,98
KuHar_raw,MotionSense_RealWorld_k_28_lr_0.0005_bs_64.pkl,val,0.8201284511146564,0.7850618381699135,0.7699797057912774,0.7859948237269254,98
KuHar_raw,MotionSense_RealWorld_k_28_lr_0.0005_bs_64.pkl,test,0.8085222005925181,0.7724393333983043,0.6980810476587634,0.7762672416155921,98
