Dataset,Pretext Dataset,Phase,Loss,Accuracy,F1 Score,Weighted F1 Score,Best Epoch
UCI_raw,MotionSense_raw_k_28_lr_0.0005_bs_64.pkl,train,0.1556268662691075,0.9438744457003739,0.8809971304630944,0.9432104652258451,113
UCI_raw,MotionSense_raw_k_28_lr_0.0005_bs_64.pkl,val,0.6263631941234153,0.8359473023839398,0.714219291885859,0.8353456256102166,113
UCI_raw,MotionSense_raw_k_28_lr_0.0005_bs_64.pkl,test,0.7944705426766572,0.7801790676134609,0.6449408489061786,0.775776410655944,113
