Dataset,Pretext Dataset,Phase,Loss,Accuracy,F1 Score,Weighted F1 Score,Best Epoch
UCI_raw_12,MotionSense_RealWorld_k_28_lr_0.0005_bs_64.pkl,train,0.10194055870358047,0.9618294061385967,0.9053270664971316,0.9614388885194469,50
UCI_raw_12,MotionSense_RealWorld_k_28_lr_0.0005_bs_64.pkl,val,0.6186311283105589,0.8597867001254705,0.7168781710112472,0.8572809339544677,50
UCI_raw_12,MotionSense_RealWorld_k_28_lr_0.0005_bs_64.pkl,test,0.8809887668938503,0.8005557270762581,0.65160502808581,0.7975782352074483,50
