Dataset,Pretext Dataset,Phase,Loss,Accuracy,F1 Score,Weighted F1 Score,Best Epoch
UCI_raw_g,MotionSense_raw_k_28_lr_0.0005_bs_64.pkl,train,0.13311441299936475,0.9465088757396449,0.9455103867364985,0.946504209227732,103
UCI_raw_g,MotionSense_raw_k_28_lr_0.0005_bs_64.pkl,val,0.3316668184100562,0.8949349760438056,0.8915489192335347,0.89426253684569,103
UCI_raw_g,MotionSense_raw_k_28_lr_0.0005_bs_64.pkl,test,0.3805044282932539,0.8668918918918919,0.8646989366812649,0.8662458047458552,103
