Dataset,Pretext Dataset,Phase,Loss,Accuracy,F1 Score,Weighted F1 Score,Best Epoch
RealWorld_raw,RealWorld_raw_k_28_lr_0.0005_bs_64.pkl,train,0.18511106377211412,0.9378575372722253,0.9409125440246519,0.9382665984128812,8
RealWorld_raw,RealWorld_raw_k_28_lr_0.0005_bs_64.pkl,val,0.8199650392719245,0.7643261548230065,0.7835572109228514,0.768655113650625,8
RealWorld_raw,RealWorld_raw_k_28_lr_0.0005_bs_64.pkl,test,1.2686499739662362,0.6529752277177152,0.6410346259755959,0.6523815529551331,8
