Dataset,Pretext Dataset,Phase,Loss,Accuracy,F1 Score,Weighted F1 Score,Best Epoch
UCI_raw_g,RealWorld_raw_k_28_lr_0.0005_bs_64.pkl,train,0.1748667370652306,0.9347692307692308,0.934345794466028,0.9347366633288808,19
UCI_raw_g,RealWorld_raw_k_28_lr_0.0005_bs_64.pkl,val,0.4073732849835207,0.8675564681724846,0.8629825128175409,0.8686217520554587,19
UCI_raw_g,RealWorld_raw_k_28_lr_0.0005_bs_64.pkl,test,0.46982770078891034,0.8190878378378378,0.8152489181666187,0.8147796429923423,19
