Dataset,Pretext Dataset,Phase,Loss,Accuracy,F1 Score,Weighted F1 Score,Best Epoch
MotionSense_raw,RealWorld_raw_k_28_lr_0.0005_bs_64.pkl,train,0.2697159043230725,0.8992170747519075,0.8944842778555597,0.8989007492527178,7
MotionSense_raw,RealWorld_raw_k_28_lr_0.0005_bs_64.pkl,val,0.49606862414267755,0.8217204301075269,0.7924904876478815,0.8176108971332555,7
MotionSense_raw,RealWorld_raw_k_28_lr_0.0005_bs_64.pkl,test,0.4653438348383325,0.8368215075718904,0.8131685210402386,0.8342560786447832,7
