Dataset,Pretext Dataset,Phase,Loss,Accuracy,F1 Score,Weighted F1 Score,Best Epoch
KuHar_raw,RealWorld_raw_k_28_lr_0.0005_bs_64.pkl,train,0.4598910045189322,0.8255544094894275,0.8531567701583673,0.8259952343647073,65
KuHar_raw,RealWorld_raw_k_28_lr_0.0005_bs_64.pkl,val,0.8474934253790145,0.7481206046398836,0.7415879662677481,0.7494457706678208,65
KuHar_raw,RealWorld_raw_k_28_lr_0.0005_bs_64.pkl,test,0.8137747002592178,0.7372088490400546,0.6811604634090682,0.741218261954429,65
