Dataset,Pretext Dataset,Phase,Loss,Accuracy,F1 Score,Weighted F1 Score,Best Epoch
UCI_raw_g,UCI_MotionSense_KuHar_RealWorld_k_28_lr_0.0005_bs_64.pkl,train,0.03194733680495937,0.9875976331360947,0.9875112933377349,0.9875984706557837,124
UCI_raw_g,UCI_MotionSense_KuHar_RealWorld_k_28_lr_0.0005_bs_64.pkl,val,0.6348375503858583,0.8648186173853525,0.8606061170886213,0.8637142739282536,124
UCI_raw_g,UCI_MotionSense_KuHar_RealWorld_k_28_lr_0.0005_bs_64.pkl,test,0.5423053614191107,0.8746621621621622,0.8733823315077686,0.8751205074147056,124
