Dataset,Pretext Dataset,Phase,Loss,Accuracy,F1 Score,Weighted F1 Score,Best Epoch
MotionSense_raw,UCI_raw_k_28_lr_0.0005_bs_64.pkl,train,0.0924937080861101,0.9611529446965541,0.9682601933384231,0.9611151693092163,99
MotionSense_raw,UCI_raw_k_28_lr_0.0005_bs_64.pkl,val,0.8991097349361066,0.7991397849462366,0.7709544973554948,0.8014862779299425,99
MotionSense_raw,UCI_raw_k_28_lr_0.0005_bs_64.pkl,test,0.6663488582707149,0.8619193466054109,0.850821598771215,0.8621030436036471,99
