Dataset,Pretext Dataset,Phase,Loss,Accuracy,F1 Score,Weighted F1 Score,Best Epoch
RealWorld_raw,UCI_raw12_k_28_lr_0.0005_bs_64.pkl,train,0.27628180153260634,0.9024075096631695,0.9063704768237614,0.9031259500450528,11
RealWorld_raw,UCI_raw12_k_28_lr_0.0005_bs_64.pkl,val,0.8542745652412702,0.7403566326260649,0.7533448723889399,0.7433966144353717,11
RealWorld_raw,UCI_raw12_k_28_lr_0.0005_bs_64.pkl,test,1.1345046138604324,0.6745552055844045,0.6759982288483343,0.6751503257453416,11
