Dataset,Pretext Dataset,Phase,Loss,Accuracy,F1 Score,Weighted F1 Score,Best Epoch
KuHar_raw,UCI_RealWorld_k_28_lr_0.0005_bs_64.pkl,train,0.4395053357792737,0.8309695719443012,0.8610663675722439,0.8313509002868809,101
KuHar_raw,UCI_RealWorld_k_28_lr_0.0005_bs_64.pkl,val,0.931201365720425,0.7401988521542316,0.726711225676239,0.7413077980992855,101
KuHar_raw,UCI_RealWorld_k_28_lr_0.0005_bs_64.pkl,test,0.9465080459723618,0.712113829061495,0.6596181191608229,0.715371765510106,101
