Dataset,Pretext Dataset,Phase,Loss,Accuracy,F1 Score,Weighted F1 Score,Best Epoch
MotionSense_raw,UCI_KuHar_k_28_lr_0.0005_bs_64.pkl,train,0.09688204337859435,0.965940258315464,0.9591535134842242,0.9659156551135413,19
MotionSense_raw,UCI_KuHar_k_28_lr_0.0005_bs_64.pkl,val,0.7744317712578722,0.7748387096774193,0.7421173606175041,0.7829571411139215,19
MotionSense_raw,UCI_KuHar_k_28_lr_0.0005_bs_64.pkl,test,0.487898541508239,0.8614939595031479,0.8445076743821912,0.8620939910924053,19
