Dataset,Pretext Dataset,Phase,Loss,Accuracy,F1 Score,Weighted F1 Score,Best Epoch
RealWorld_raw,UCI_raw_k_28_lr_0.0005_bs_64.pkl,train,0.19172087231306395,0.9312755383765875,0.9344238755260053,0.9316454969511586,36
RealWorld_raw,UCI_raw_k_28_lr_0.0005_bs_64.pkl,val,1.2247029669354978,0.7158050690512725,0.7197433440560724,0.7166145365910613,36
RealWorld_raw,UCI_raw_k_28_lr_0.0005_bs_64.pkl,test,1.5249571636745458,0.6564654805482251,0.6587530834465241,0.654469225152344,36
