Dataset,Pretext Dataset,Phase,Loss,Accuracy,F1 Score,Weighted F1 Score,Best Epoch
UCI_raw_g,UCI_raw12_k_28_lr_0.0005_bs_64.pkl,train,0.09471378230343204,0.9612307692307692,0.9622821181649878,0.9612278799769753,46
UCI_raw_g,UCI_raw12_k_28_lr_0.0005_bs_64.pkl,val,0.3679597833481331,0.893908281998631,0.8898638113770452,0.8930146890359281,46
UCI_raw_g,UCI_raw12_k_28_lr_0.0005_bs_64.pkl,test,0.4505853135742851,0.8581081081081081,0.8573963100664299,0.856821481516314,46
