Dataset,Pretext Dataset,Phase,Loss,Accuracy,F1 Score,Weighted F1 Score,Best Epoch
UCI_raw_g,UCI_MotionSense_k_28_lr_0.0005_bs_64.pkl,train,0.12861398636307236,0.9525680473372781,0.9517421170411972,0.9525557772188293,30
UCI_raw_g,UCI_MotionSense_k_28_lr_0.0005_bs_64.pkl,val,0.3420836802299181,0.893908281998631,0.8895079769379747,0.8933769593063663,30
UCI_raw_g,UCI_MotionSense_k_28_lr_0.0005_bs_64.pkl,test,0.4165608389152063,0.8635135135135135,0.8614088242975774,0.8624479971065552,30
