Dataset,Pretext Dataset,Phase,Loss,Accuracy,F1 Score,Weighted F1 Score,Best Epoch
RealWorld_raw,UCI_MotionSense_k_28_lr_0.0005_bs_64.pkl,train,0.20010185722058021,0.9303257868580894,0.9339885102516132,0.9307063693119294,33
RealWorld_raw,UCI_MotionSense_k_28_lr_0.0005_bs_64.pkl,val,0.9049460206133364,0.7494047304090163,0.7704479296778419,0.7523861607398803,33
RealWorld_raw,UCI_MotionSense_k_28_lr_0.0005_bs_64.pkl,test,1.414821884825236,0.6563377883714991,0.6454692006031233,0.6594266078152284,33
