Dataset,Pretext Dataset,Phase,Loss,Accuracy,F1 Score,Weighted F1 Score,Best Epoch
KuHar_raw,UCI_MotionSense_RealWorld_k_28_lr_0.0005_bs_64.pkl,train,0.25414824502173416,0.9086406223139075,0.9163311289455679,0.9088244401052267,104
KuHar_raw,UCI_MotionSense_RealWorld_k_28_lr_0.0005_bs_64.pkl,val,0.8933519971090284,0.7779484277746342,0.7593630523059727,0.7790193652012058,104
KuHar_raw,UCI_MotionSense_RealWorld_k_28_lr_0.0005_bs_64.pkl,test,0.78870506139804,0.7801383880713381,0.7053914413509692,0.7831475363547775,104
KuHar_raw,UCI_MotionSense_RealWorld_k_28_lr_0.0005_bs_64.pkl,train,0.25414824502173416,0.9086406223139075,0.9163311289455679,0.9088244401052267,104
KuHar_raw,UCI_MotionSense_RealWorld_k_28_lr_0.0005_bs_64.pkl,val,0.8933519971090284,0.7779484277746342,0.7593630523059727,0.7790193652012058,104
KuHar_raw,UCI_MotionSense_RealWorld_k_28_lr_0.0005_bs_64.pkl,test,0.78870506139804,0.7801383880713381,0.7053914413509692,0.7831475363547775,104
KuHar_raw,UCI_MotionSense_RealWorld_k_28_lr_0.0005_bs_64.pkl,train,0.25414824502173416,0.9086406223139075,0.9163311289455679,0.9088244401052267,104
KuHar_raw,UCI_MotionSense_RealWorld_k_28_lr_0.0005_bs_64.pkl,val,0.8933519971090284,0.7779484277746342,0.7593630523059727,0.7790193652012058,104
KuHar_raw,UCI_MotionSense_RealWorld_k_28_lr_0.0005_bs_64.pkl,test,0.78870506139804,0.7801383880713381,0.7053914413509692,0.7831475363547775,104
