Dataset,Pretext Dataset,Phase,Loss,Accuracy,F1 Score,Weighted F1 Score,Best Epoch
UCI_raw_g,UCI_RealWorld_k_28_lr_0.0005_bs_64.pkl,train,0.0783455730821254,0.9688047337278106,0.9697667630303002,0.9687936312276626,74
UCI_raw_g,UCI_RealWorld_k_28_lr_0.0005_bs_64.pkl,val,0.518094820693941,0.8730321697467488,0.8700595838554063,0.8728215207624583,74
UCI_raw_g,UCI_RealWorld_k_28_lr_0.0005_bs_64.pkl,test,0.5965234336820808,0.8557432432432432,0.8538114760276551,0.8546210507590336,74
