Dataset,Pretext Dataset,Phase,Loss,Accuracy,F1 Score,Weighted F1 Score,Best Epoch
UCI_raw,UCI_raw_k_28_lr_0.0005_bs_64.pkl,train,0.04429743338102949,0.9806390532544379,0.9816790135341752,0.9806396824597879,16
UCI_raw,UCI_raw_k_28_lr_0.0005_bs_64.pkl,val,0.23092004019336126,0.9339493497604381,0.9341620435770387,0.9330853498321284,16
UCI_raw,UCI_raw_k_28_lr_0.0005_bs_64.pkl,test,0.4590224597905133,0.8699324324324325,0.873874078239936,0.8703222038405496,16
