Dataset,Pretext Dataset,Phase,Loss,Accuracy,F1 Score,Weighted F1 Score,Best Epoch
UCI_raw_g,UCI_MotionSense_RealWorld_k_28_lr_0.0005_bs_64.pkl,train,0.05363165944620702,0.9790769230769231,0.9788108608531673,0.979079927007875,93
UCI_raw_g,UCI_MotionSense_RealWorld_k_28_lr_0.0005_bs_64.pkl,val,0.7042240583268361,0.8699520876112252,0.8666887035920944,0.8678721188180726,93
UCI_raw_g,UCI_MotionSense_RealWorld_k_28_lr_0.0005_bs_64.pkl,test,0.6175567625744923,0.8550675675675675,0.8532717130725814,0.8529079672560231,93
UCI_raw_g,UCI_MotionSense_RealWorld_k_28_lr_0.0005_bs_64.pkl,train,0.05363165944620702,0.9790769230769231,0.9788108608531673,0.979079927007875,93
UCI_raw_g,UCI_MotionSense_RealWorld_k_28_lr_0.0005_bs_64.pkl,val,0.7042240583268361,0.8699520876112252,0.8666887035920944,0.8678721188180726,93
UCI_raw_g,UCI_MotionSense_RealWorld_k_28_lr_0.0005_bs_64.pkl,test,0.6175567625744923,0.8550675675675675,0.8532717130725814,0.8529079672560231,93
