Dataset,Pretext Dataset,Phase,Loss,Accuracy,F1 Score,Weighted F1 Score,Best Epoch
KuHar_raw,UCI_MotionSense_KuHar_RealWorld_k_28_lr_0.0005_bs_64.pkl,train,0.13353017720417693,0.9526065841499054,0.9580518808193376,0.9526616368972468,73
KuHar_raw,UCI_MotionSense_KuHar_RealWorld_k_28_lr_0.0005_bs_64.pkl,val,0.7784234304145182,0.8469808422924582,0.8510285791347498,0.8465892649090003,73
KuHar_raw,UCI_MotionSense_KuHar_RealWorld_k_28_lr_0.0005_bs_64.pkl,test,0.7210038549404403,0.8380274827014911,0.7697707609887985,0.8385376577945578,73
