Dataset,Pretext Dataset,Phase,Loss,Accuracy,F1 Score,Weighted F1 Score,Best Epoch
MotionSense_raw,UCI_MotionSense_k_28_lr_0.0005_bs_64.pkl,train,0.012741420030688988,0.9952126863810901,0.9953058996675571,0.9952118391883483,76
MotionSense_raw,UCI_MotionSense_k_28_lr_0.0005_bs_64.pkl,val,1.0533102667774323,0.8073118279569892,0.7854720078140719,0.8128161793073898,76
MotionSense_raw,UCI_MotionSense_k_28_lr_0.0005_bs_64.pkl,test,0.5993840535504036,0.912965798876978,0.9063615573764342,0.913717417901147,76
