Dataset,Pretext Dataset,Phase,Loss,Accuracy,F1 Score,Weighted F1 Score,Best Epoch
UCI_raw_12,UCI_MotionSense_KuHar_RealWorld_k_28_lr_0.0005_bs_64.pkl,train,0.04887741400466132,0.982392835405617,0.9608775309305101,0.9822677525027863,128
UCI_raw_12,UCI_MotionSense_KuHar_RealWorld_k_28_lr_0.0005_bs_64.pkl,val,0.6617905284971036,0.8980552070263488,0.7679278392609742,0.895866862810796,128
UCI_raw_12,UCI_MotionSense_KuHar_RealWorld_k_28_lr_0.0005_bs_64.pkl,test,1.1298650132952814,0.8295770299475147,0.7054693572619032,0.8234406550980118,128
