Dataset,Pretext Dataset,Phase,Loss,Accuracy,F1 Score,Weighted F1 Score,Best Epoch
UCI_raw_12,UCI_RealWorld_k_28_lr_0.0005_bs_64.pkl,train,0.18385587457485505,0.9346578558386227,0.8049205852777682,0.9330830507077571,11
UCI_raw_12,UCI_RealWorld_k_28_lr_0.0005_bs_64.pkl,val,0.2845713679060583,0.9093475533249686,0.7646521969744451,0.9068628982472732,11
UCI_raw_12,UCI_RealWorld_k_28_lr_0.0005_bs_64.pkl,test,0.4327869306227314,0.8633837604198826,0.6987066648775954,0.8614475958808938,11
