Dataset,Pretext Dataset,Phase,Loss,Accuracy,F1 Score,Weighted F1 Score,Best Epoch
UCI_raw,UCI_raw_k_28_lr_0.0005_bs_64.pkl,train,0.05680206030900038,0.9772193722285019,0.9360960394054696,0.9770858092766417,75
UCI_raw,UCI_raw_k_28_lr_0.0005_bs_64.pkl,val,0.6088682851816062,0.8914680050188206,0.7584386165125312,0.8892494040264749,75
UCI_raw,UCI_raw_k_28_lr_0.0005_bs_64.pkl,test,0.743398323176672,0.8450138931769064,0.6893680852268154,0.8454221647412187,75
UCI_raw,UCI_raw_k_28_lr_0.0005_bs_64.pkl,train,0.04429743338102949,0.9806390532544379,0.9816790135341752,0.9806396824597879,16
UCI_raw,UCI_raw_k_28_lr_0.0005_bs_64.pkl,val,0.23092004019336126,0.9339493497604381,0.9341620435770387,0.9330853498321284,16
UCI_raw,UCI_raw_k_28_lr_0.0005_bs_64.pkl,test,0.4590224597905133,0.8699324324324325,0.873874078239936,0.8703222038405496,16
UCI_raw,UCI_raw_k_28_lr_0.0005_bs_64.pkl,train,0.04429743338102949,0.9806390532544379,0.9816790135341752,0.9806396824597879,16
UCI_raw,UCI_raw_k_28_lr_0.0005_bs_64.pkl,val,0.23092004019336126,0.9339493497604381,0.9341620435770387,0.9330853498321284,16
UCI_raw,UCI_raw_k_28_lr_0.0005_bs_64.pkl,test,0.4590224597905133,0.8699324324324325,0.873874078239936,0.8703222038405496,16
