Dataset,Pretext Dataset,Phase,Loss,Accuracy,F1 Score,Weighted F1 Score,Best Epoch
UCI_raw_12,UCI_KuHar_k_28_lr_0.0005_bs_64.pkl,train,0.0533779212739683,0.9783931832014607,0.9510098351446105,0.978279852806149,116
UCI_raw_12,UCI_KuHar_k_28_lr_0.0005_bs_64.pkl,val,0.551223319570722,0.8933500627352572,0.7763970212174032,0.8921252232633534,116
UCI_raw_12,UCI_KuHar_k_28_lr_0.0005_bs_64.pkl,test,1.410332842041917,0.8122877431305958,0.6799811291599672,0.807526066554251,116
