Dataset,Pretext Dataset,Phase,Loss,Accuracy,F1 Score,Weighted F1 Score,Best Epoch
KuHar_raw,UCI_MotionSense_k_28_lr_0.0005_bs_64.pkl,train,0.30567004821217303,0.8909124118961664,0.8983079203220652,0.891004927770652,68
KuHar_raw,UCI_MotionSense_k_28_lr_0.0005_bs_64.pkl,val,0.8553439278594313,0.7672783121817153,0.7501316949707318,0.7677941012869255,68
KuHar_raw,UCI_MotionSense_k_28_lr_0.0005_bs_64.pkl,test,0.8130704383192225,0.7643991813663386,0.6909052540581233,0.7682400040241963,68
