Dataset,Pretext Dataset,Phase,Loss,Accuracy,F1 Score,Weighted F1 Score,Best Epoch
RealWorld_raw,UCI_MotionSense_RealWorld_k_28_lr_0.0005_bs_64.pkl,train,0.23280061895876283,0.9224848150193263,0.9270432054385418,0.9229734368559332,3
RealWorld_raw,UCI_MotionSense_RealWorld_k_28_lr_0.0005_bs_64.pkl,val,0.8724822198801699,0.7491401661463569,0.770483560468563,0.7513088368643649,3
RealWorld_raw,UCI_MotionSense_RealWorld_k_28_lr_0.0005_bs_64.pkl,test,0.957979942047928,0.7031582531710224,0.6901316849886943,0.7070882152855045,3
RealWorld_raw,UCI_MotionSense_RealWorld_k_28_lr_0.0005_bs_64.pkl,train,0.23280061895876283,0.9224848150193263,0.9270432054385418,0.9229734368559332,3
RealWorld_raw,UCI_MotionSense_RealWorld_k_28_lr_0.0005_bs_64.pkl,val,0.8724822198801699,0.7491401661463569,0.770483560468563,0.7513088368643649,3
RealWorld_raw,UCI_MotionSense_RealWorld_k_28_lr_0.0005_bs_64.pkl,test,0.957979942047928,0.7031582531710224,0.6901316849886943,0.7070882152855045,3
