Dataset,Pretext Dataset,Phase,Loss,Accuracy,F1 Score,Weighted F1 Score,Best Epoch
KuHar_raw,UCI_raw_k_28_lr_0.0005_bs_64.pkl,train,0.3962527115524932,0.8503309265944645,0.878920043301136,0.8508590032297906,126
KuHar_raw,UCI_raw_k_28_lr_0.0005_bs_64.pkl,val,0.9194814111968461,0.7536173308544176,0.7378715554227038,0.7532649480457776,126
KuHar_raw,UCI_raw_k_28_lr_0.0005_bs_64.pkl,test,0.8723940624047756,0.7333593217035377,0.679200459593959,0.7352150947791305,126
