Dataset,Pretext Dataset,Phase,Loss,Accuracy,F1 Score,Weighted F1 Score,Best Epoch
KuHar_raw,UCI_KuHar_k_28_lr_0.0005_bs_64.pkl,train,0.14524474227696899,0.9500494241017706,0.9530841876622989,0.9500807472310433,31
KuHar_raw,UCI_KuHar_k_28_lr_0.0005_bs_64.pkl,val,0.5863365742482053,0.8583784657667125,0.8565179125961316,0.858049832924554,31
KuHar_raw,UCI_KuHar_k_28_lr_0.0005_bs_64.pkl,test,0.6126403526399528,0.8495760647110419,0.7878611405363958,0.8501839019749163,31
