Dataset,Pretext Dataset,Phase,Loss,Accuracy,F1 Score,Weighted F1 Score,Best Epoch
RealWorld_raw,UKM_k_28_lr_0.0005_bs_64.pkl,train,0.1499378226347749,0.9477967973495306,0.9514314057375972,0.9480679461315946,73
RealWorld_raw,UKM_k_28_lr_0.0005_bs_64.pkl,val,1.382832296949706,0.705910365627811,0.7225694046701543,0.7088977703755719,73
RealWorld_raw,UKM_k_28_lr_0.0005_bs_64.pkl,test,1.5083543329630524,0.666042393802673,0.6906644503562203,0.6600077908999757,73
