Dataset,Pretext Dataset,Phase,Loss,Accuracy,F1 Score,Weighted F1 Score,Best Epoch
KuHar_raw,UKM_k_28_lr_0.0005_bs_64.pkl,train,0.16350453290483152,0.9462029396596183,0.9492776824349676,0.9462477217346092,25
KuHar_raw,UKM_k_28_lr_0.0005_bs_64.pkl,val,0.5384061738033223,0.8698569234500041,0.8691952807714682,0.8694123979309104,25
KuHar_raw,UKM_k_28_lr_0.0005_bs_64.pkl,test,0.5747182442518919,0.8491862391579768,0.7837960928485699,0.8489790705117457,25
