Dataset,Pretext Dataset,Phase,Loss,Accuracy,F1 Score,Weighted F1 Score,Best Epoch
UCI_raw_12,UKM_k_28_lr_0.0005_bs_64.pkl,train,0.06784351806222495,0.9737848882705852,0.9387874170629368,0.9736035699278484,93
UCI_raw_12,UKM_k_28_lr_0.0005_bs_64.pkl,val,0.7330036711045909,0.8726474278544541,0.7540067836257195,0.8707130368706735,93
UCI_raw_12,UKM_k_28_lr_0.0005_bs_64.pkl,test,0.7649932564151402,0.8430071009570855,0.6860259692382368,0.8433935956189778,93
