percentage,metric,value
40,loss,0.2743992604113914
40,accuracy,0.8829391891891892
40,f1_score,0.8823867220434721
40,confusion_matrix,"[[9.54066986e-01 1.43540670e-02 2.20095694e-02 1.91387560e-03
  5.74162679e-03 1.91387560e-03]
 [1.84983678e-02 9.32535365e-01 4.35255713e-02 3.26441785e-03
  2.17627856e-03 0.00000000e+00]
 [1.50637312e-02 6.95249131e-03 9.77983778e-01 0.00000000e+00
  0.00000000e+00 0.00000000e+00]
 [4.04858300e-03 1.01214575e-03 0.00000000e+00 9.40283401e-01
  5.16194332e-02 3.03643725e-03]
 [1.87441425e-03 5.62324274e-03 4.68603561e-03 4.58294283e-01
  5.29522024e-01 0.00000000e+00]
 [0.00000000e+00 9.63391137e-04 9.63391137e-04 9.63391137e-04
  0.00000000e+00 9.97109827e-01]]"
