percentage,metric,value
50,loss,0.5319977380133963
50,accuracy,0.800168918918919
50,f1_score,0.7916140461833674
50,confusion_matrix,"[[7.78947368e-01 1.18660287e-01 8.03827751e-02 1.24401914e-02
  8.61244019e-03 9.56937799e-04]
 [7.39934712e-02 8.50924918e-01 5.11425462e-02 1.52339499e-02
  8.70511425e-03 0.00000000e+00]
 [6.83661645e-02 3.12862109e-02 8.95712630e-01 2.31749710e-03
  1.15874855e-03 1.15874855e-03]
 [4.04858300e-03 5.06072874e-03 0.00000000e+00 9.76720648e-01
  1.41700405e-02 0.00000000e+00]
 [5.62324274e-03 7.49765698e-03 0.00000000e+00 6.44798500e-01
  3.42080600e-01 0.00000000e+00]
 [0.00000000e+00 0.00000000e+00 0.00000000e+00 0.00000000e+00
  0.00000000e+00 1.00000000e+00]]"
