percentage,metric,value
90,loss,0.42534147017710916
90,accuracy,0.820777027027027
90,f1_score,0.8170016684250925
90,confusion_matrix,"[[8.12440191e-01 9.66507177e-02 5.35885167e-02 1.05263158e-02
  2.58373206e-02 9.56937799e-04]
 [9.03155604e-02 8.30250272e-01 4.35255713e-02 1.52339499e-02
  1.95865071e-02 1.08813928e-03]
 [4.51911935e-02 2.78099652e-02 9.18887601e-01 2.31749710e-03
  5.79374276e-03 0.00000000e+00]
 [1.01214575e-03 3.03643725e-03 1.01214575e-03 9.62550607e-01
  2.32793522e-02 9.10931174e-03]
 [1.31208997e-02 2.81162137e-03 9.37207123e-04 5.47328960e-01
  4.35801312e-01 0.00000000e+00]
 [0.00000000e+00 0.00000000e+00 0.00000000e+00 0.00000000e+00
  0.00000000e+00 1.00000000e+00]]"
