percentage,metric,value
80,loss,0.2911209528107901
80,accuracy,0.879222972972973
80,f1_score,0.8778543029068695
80,confusion_matrix,"[[9.69377990e-01 2.29665072e-02 6.69856459e-03 0.00000000e+00
  0.00000000e+00 9.56937799e-04]
 [1.95865071e-02 9.52121872e-01 2.61153428e-02 0.00000000e+00
  2.17627856e-03 0.00000000e+00]
 [4.75086906e-02 1.85399768e-02 9.33951333e-01 0.00000000e+00
  0.00000000e+00 0.00000000e+00]
 [9.10931174e-03 3.03643725e-03 0.00000000e+00 9.38259109e-01
  4.55465587e-02 4.04858300e-03]
 [1.87441425e-03 1.12464855e-02 3.74882849e-03 4.69540769e-01
  5.13589503e-01 0.00000000e+00]
 [0.00000000e+00 0.00000000e+00 9.63391137e-04 9.63391137e-04
  0.00000000e+00 9.98073218e-01]]"
