percentage,metric,value
80,loss,0.4086740200583999
80,accuracy,0.8496621621621622
80,f1_score,0.847990397820038
80,confusion_matrix,"[[7.85645933e-01 1.06220096e-01 9.37799043e-02 2.87081340e-03
  1.05263158e-02 9.56937799e-04]
 [1.44722524e-01 7.86724701e-01 4.67899891e-02 6.52883569e-03
  1.52339499e-02 0.00000000e+00]
 [9.73348783e-02 2.78099652e-02 8.73696408e-01 0.00000000e+00
  1.15874855e-03 0.00000000e+00]
 [4.04858300e-03 0.00000000e+00 0.00000000e+00 9.64574899e-01
  3.13765182e-02 0.00000000e+00]
 [1.12464855e-02 2.43673852e-02 9.37207123e-04 2.68041237e-01
  6.95407685e-01 0.00000000e+00]
 [9.63391137e-04 0.00000000e+00 0.00000000e+00 0.00000000e+00
  0.00000000e+00 9.99036609e-01]]"
