percentage,metric,value
40,loss,0.543032857856235
40,accuracy,0.7913851351351351
40,f1_score,0.7859360563180396
40,confusion_matrix,"[[0.68803828 0.12057416 0.14354067 0.00956938 0.0354067  0.00287081]
 [0.2992383  0.57127312 0.09249184 0.01196953 0.0250272  0.        ]
 [0.13441483 0.0405562  0.81344148 0.00579374 0.00579374 0.        ]
 [0.00303644 0.00101215 0.         0.9645749  0.03036437 0.00101215]
 [0.00749766 0.01124649 0.00187441 0.2764761  0.70290534 0.        ]
 [0.00192678 0.         0.         0.         0.         0.99807322]]"
