percentage,metric,value
70,loss,0.3806557988798296
70,accuracy,0.8474662162162162
70,f1_score,0.8466124789238719
70,confusion_matrix,"[[8.58373206e-01 8.61244019e-02 4.88038278e-02 0.00000000e+00
  4.78468900e-03 1.91387560e-03]
 [1.41458107e-01 8.04134929e-01 4.35255713e-02 1.08813928e-03
  9.79325354e-03 0.00000000e+00]
 [8.11123986e-02 1.62224797e-02 9.02665122e-01 0.00000000e+00
  0.00000000e+00 0.00000000e+00]
 [3.03643725e-03 6.07287449e-03 2.02429150e-03 9.17004049e-01
  5.76923077e-02 1.41700405e-02]
 [1.12464855e-02 5.62324274e-03 5.62324274e-03 3.59887535e-01
  6.17619494e-01 0.00000000e+00]
 [0.00000000e+00 9.63391137e-04 0.00000000e+00 0.00000000e+00
  0.00000000e+00 9.99036609e-01]]"
