percentage,metric,value
100,loss,0.29745522226030763
100,accuracy,0.893918918918919
100,f1_score,0.8935783387033954
100,confusion_matrix,"[[9.64593301e-01 2.48803828e-02 9.56937799e-03 0.00000000e+00
  0.00000000e+00 9.56937799e-04]
 [1.19695321e-02 9.64091404e-01 2.17627856e-02 0.00000000e+00
  2.17627856e-03 0.00000000e+00]
 [3.82387022e-02 3.47624565e-02 9.26998841e-01 0.00000000e+00
  0.00000000e+00 0.00000000e+00]
 [6.07287449e-03 4.04858300e-03 0.00000000e+00 9.37246964e-01
  4.85829960e-02 4.04858300e-03]
 [1.87441425e-03 1.12464855e-02 5.62324274e-03 3.85192127e-01
  5.96063730e-01 0.00000000e+00]
 [0.00000000e+00 9.63391137e-04 0.00000000e+00 9.63391137e-04
  0.00000000e+00 9.98073218e-01]]"
