percentage,metric,value
50,loss,0.39454665119583543
50,accuracy,0.8653716216216216
50,f1_score,0.8623329787901032
50,confusion_matrix,"[[9.66507177e-01 1.72248804e-02 1.53110048e-02 0.00000000e+00
  0.00000000e+00 9.56937799e-04]
 [2.17627856e-02 9.34711643e-01 4.02611534e-02 0.00000000e+00
  3.26441785e-03 0.00000000e+00]
 [4.51911935e-02 1.62224797e-02 9.38586327e-01 0.00000000e+00
  0.00000000e+00 0.00000000e+00]
 [4.04858300e-03 1.01214575e-03 0.00000000e+00 9.41295547e-01
  5.16194332e-02 2.02429150e-03]
 [1.87441425e-03 8.43486410e-03 4.68603561e-03 5.37019681e-01
  4.47985005e-01 0.00000000e+00]
 [0.00000000e+00 9.63391137e-04 0.00000000e+00 9.63391137e-04
  0.00000000e+00 9.98073218e-01]]"
