percentage,metric,value
20,loss,0.46425822457751714
20,accuracy,0.833277027027027
20,f1_score,0.8309567564833236
20,confusion_matrix,"[[8.51674641e-01 6.98564593e-02 6.02870813e-02 2.87081340e-03
  1.43540670e-02 9.56937799e-04]
 [1.96953210e-01 7.24700762e-01 5.22306855e-02 3.26441785e-03
  2.28509249e-02 0.00000000e+00]
 [1.33256083e-01 4.40324450e-02 8.22711472e-01 0.00000000e+00
  0.00000000e+00 0.00000000e+00]
 [4.04858300e-03 5.06072874e-03 0.00000000e+00 9.73684211e-01
  1.72064777e-02 0.00000000e+00]
 [1.59325211e-02 0.00000000e+00 0.00000000e+00 3.57075914e-01
  6.26991565e-01 0.00000000e+00]
 [9.63391137e-04 0.00000000e+00 0.00000000e+00 9.63391137e-04
  0.00000000e+00 9.98073218e-01]]"
