percentage,metric,value
5,loss,0.5823209189079903
5,accuracy,0.7668918918918919
5,f1_score,0.7618752761002957
5,confusion_matrix,"[[6.57416268e-01 1.84688995e-01 8.89952153e-02 4.01913876e-02
  2.67942584e-02 1.91387560e-03]
 [2.14363439e-01 6.37649619e-01 8.48748640e-02 3.91730141e-02
  2.39390642e-02 0.00000000e+00]
 [1.88876014e-01 9.03823870e-02 6.94090382e-01 2.20162225e-02
  4.63499421e-03 0.00000000e+00]
 [4.04858300e-03 1.01214575e-03 3.03643725e-03 9.59514170e-01
  1.51821862e-02 1.72064777e-02]
 [4.68603561e-03 1.12464855e-02 8.43486410e-03 3.33645736e-01
  6.41049672e-01 9.37207123e-04]
 [0.00000000e+00 0.00000000e+00 1.92678227e-03 0.00000000e+00
  0.00000000e+00 9.98073218e-01]]"
