percentage,metric,value
60,loss,0.5807546518944405
60,accuracy,0.8048986486486487
60,f1_score,0.7988650106842057
60,confusion_matrix,"[[8.46889952e-01 8.61244019e-02 5.64593301e-02 3.82775120e-03
  5.74162679e-03 9.56937799e-04]
 [1.34929271e-01 8.16104461e-01 4.13492927e-02 2.17627856e-03
  5.44069641e-03 0.00000000e+00]
 [9.61761298e-02 2.66512167e-02 8.76013905e-01 0.00000000e+00
  1.15874855e-03 0.00000000e+00]
 [6.07287449e-03 3.03643725e-03 2.02429150e-03 9.24089069e-01
  5.06072874e-02 1.41700405e-02]
 [1.78069353e-02 2.06185567e-02 6.56044986e-03 5.55763824e-01
  3.98313027e-01 9.37207123e-04]
 [9.63391137e-04 0.00000000e+00 9.63391137e-04 0.00000000e+00
  0.00000000e+00 9.98073218e-01]]"
