percentage,metric,value
30,loss,0.47281606648419355
30,accuracy,0.8173986486486486
30,f1_score,0.8164435814114457
30,confusion_matrix,"[[8.86124402e-01 5.93301435e-02 5.07177033e-02 9.56937799e-04
  2.87081340e-03 0.00000000e+00]
 [1.87159956e-01 7.48639826e-01 5.22306855e-02 4.35255713e-03
  7.61697497e-03 0.00000000e+00]
 [1.48319815e-01 4.17149479e-02 8.08806489e-01 0.00000000e+00
  1.15874855e-03 0.00000000e+00]
 [9.10931174e-03 2.12550607e-02 0.00000000e+00 8.42105263e-01
  1.27530364e-01 0.00000000e+00]
 [5.06091846e-02 7.49765698e-03 9.37207123e-04 3.25210872e-01
  6.15745080e-01 0.00000000e+00]
 [0.00000000e+00 0.00000000e+00 0.00000000e+00 0.00000000e+00
  0.00000000e+00 1.00000000e+00]]"
