percentage,metric,value
90,loss,0.8049469505889795
90,accuracy,0.8739864864864865
90,f1_score,0.8733197797697162
90,confusion_matrix,"[[9.66507177e-01 1.62679426e-02 1.43540670e-02 0.00000000e+00
  1.91387560e-03 9.56937799e-04]
 [2.50272035e-02 9.40152339e-01 3.37323177e-02 0.00000000e+00
  1.08813928e-03 0.00000000e+00]
 [3.47624565e-02 1.85399768e-02 9.45538818e-01 0.00000000e+00
  1.15874855e-03 0.00000000e+00]
 [5.06072874e-03 3.03643725e-03 0.00000000e+00 9.06882591e-01
  8.19838057e-02 3.03643725e-03]
 [9.37207123e-04 8.43486410e-03 4.68603561e-03 4.69540769e-01
  5.16401125e-01 0.00000000e+00]
 [0.00000000e+00 0.00000000e+00 0.00000000e+00 9.63391137e-04
  0.00000000e+00 9.99036609e-01]]"
