percentage,metric,value
10,loss,0.5330468609526351
10,accuracy,0.797972972972973
10,f1_score,0.7935501882207486
10,confusion_matrix,"[[0.80478469 0.07942584 0.10239234 0.         0.01339713 0.        ]
 [0.31991295 0.58541893 0.0609358  0.00870511 0.0250272  0.        ]
 [0.17033604 0.03939745 0.78794902 0.00115875 0.00115875 0.        ]
 [0.00506073 0.00506073 0.00101215 0.94939271 0.03947368 0.        ]
 [0.00937207 0.01593252 0.00187441 0.32708529 0.64573571 0.        ]
 [0.         0.         0.         0.         0.         1.        ]]"
