percentage,metric,value
20,loss,0.27933574471924755
20,accuracy,0.9150337837837837
20,f1_score,0.9152454612885602
20,confusion_matrix,"[[9.75119617e-01 1.81818182e-02 3.82775120e-03 9.56937799e-04
  9.56937799e-04 9.56937799e-04]
 [4.57018498e-02 9.20565832e-01 3.26441785e-02 0.00000000e+00
  1.08813928e-03 0.00000000e+00]
 [6.37311703e-02 1.27462341e-02 9.23522596e-01 0.00000000e+00
  0.00000000e+00 0.00000000e+00]
 [6.07287449e-03 5.06072874e-03 0.00000000e+00 9.25101215e-01
  4.95951417e-02 1.41700405e-02]
 [2.81162137e-03 1.03092784e-02 5.62324274e-03 2.25866917e-01
  7.55388941e-01 0.00000000e+00]
 [0.00000000e+00 9.63391137e-04 9.63391137e-04 9.63391137e-04
  0.00000000e+00 9.97109827e-01]]"
