percentage,metric,value
5,loss,0.20537334910041252
5,accuracy,0.8886824324324324
5,f1_score,0.8876301451836418
5,confusion_matrix,"[[9.45454545e-01 3.54066986e-02 1.33971292e-02 4.78468900e-03
  0.00000000e+00 9.56937799e-04]
 [1.74102285e-02 9.46681175e-01 3.26441785e-02 1.08813928e-03
  2.17627856e-03 0.00000000e+00]
 [5.21436848e-02 2.66512167e-02 9.21205098e-01 0.00000000e+00
  0.00000000e+00 0.00000000e+00]
 [0.00000000e+00 2.02429150e-03 0.00000000e+00 9.69635628e-01
  2.73279352e-02 1.01214575e-03]
 [1.87441425e-03 1.40581068e-02 6.56044986e-03 4.00187441e-01
  5.77319588e-01 0.00000000e+00]
 [0.00000000e+00 9.63391137e-04 1.92678227e-03 9.63391137e-04
  0.00000000e+00 9.96146435e-01]]"
