percentage,metric,value
100,loss,0.3999670876039041
100,accuracy,0.8163851351351351
100,f1_score,0.8113255804425056
100,confusion_matrix,"[[9.05263158e-01 4.49760766e-02 4.68899522e-02 9.56937799e-04
  9.56937799e-04 9.56937799e-04]
 [1.51251360e-01 7.84548422e-01 5.98476605e-02 0.00000000e+00
  4.35255713e-03 0.00000000e+00]
 [6.37311703e-02 1.96987254e-02 9.14252607e-01 1.15874855e-03
  1.15874855e-03 0.00000000e+00]
 [3.03643725e-03 2.02429150e-02 1.01214575e-03 8.85627530e-01
  8.90688259e-02 1.01214575e-03]
 [7.21649485e-02 2.06185567e-02 9.37207123e-04 4.71415183e-01
  4.34864105e-01 0.00000000e+00]
 [0.00000000e+00 0.00000000e+00 0.00000000e+00 0.00000000e+00
  0.00000000e+00 1.00000000e+00]]"
